Author,ChangeCount,FilePath
Alexander Schwartz,2,.gitattributes
Gerd Aschemann,2,.gitattributes
Falk Sippach,1,.gitattributes
Gerd Aschemann,11,.gitignore
Falk Sippach,9,.gitignore
Niko Köbler,2,.gitignore
Alexander Schwartz,1,.gitignore
Dirk Mahler,1,.gitignore
Gerd Aschemann,4,.mvn
Alexander Schwartz,4,.mvn
Falk Sippach,2,.mvn
Alexander Schwartz,6,.travis.yml
Gerd Aschemann,6,.travis.yml
Falk Sippach,3,.travis.yml
annam002,1,.travis.yml
Niko Köbler,1,.travis.yml
Dirk Mahler,1,.travis.yml
Alexander Schwartz,6,GUITESTING.adoc
Gerd Aschemann,2,GUITESTING.adoc
Falk Sippach,1,GUITESTING.adoc
Falk Sippach,8,README.md
Gerd Aschemann,6,README.md
Niko Köbler,3,README.md
Alexander Schwartz,3,README.md
annam002,1,README.md
Dirk Mahler,1,README.md
Niko Köbler,2,dukecon.jpg
Alexander Schwartz,2,mvnw.cmd
Gerd Aschemann,2,mvnw.cmd
Falk Sippach,1,mvnw.cmd
Gerd Aschemann,43,pom.xml
Falk Sippach,21,pom.xml
Christofer Dutz,11,pom.xml
Dirk Mahler,5,pom.xml
Alexander Schwartz,5,pom.xml
annam002,1,pom.xml
Niko Köbler,1,pom.xml
Niko Köbler,1,pom.xml
Alexander Schwartz,8,xvfb.sh
Gerd Aschemann,1,xvfb.sh
Dirk Mahler,1,xvfb.sh
DukeCon Jenkins,1,xvfb.sh
Falk Sippach,1,xvfb.sh
Alexander Schwartz,4,.mvn/wrapper
Gerd Aschemann,4,.mvn/wrapper
Falk Sippach,2,.mvn/wrapper
Niko Köbler,2,api/dukecon.raml
Niko Köbler,1,api/meta_example.json
Niko Köbler,1,api/meta_schema.json
Gerd Aschemann,20,api/pom.xml
Falk Sippach,11,api/pom.xml
Alexander Schwartz,3,api/pom.xml
Niko Köbler,2,api/pom.xml
Dirk Mahler,1,api/pom.xml
Niko Köbler,1,api/talk_example.json
Niko Köbler,1,api/talk_schema.json
Gerd Aschemann,2,impl/.gitignore
Alexander Schwartz,2,impl/.gitignore
Falk Sippach,1,impl/.gitignore
Gerd Aschemann,57,impl/pom.xml
Falk Sippach,38,impl/pom.xml
Alexander Schwartz,13,impl/pom.xml
Christofer Dutz,11,impl/pom.xml
Niko Köbler,10,impl/pom.xml
Niko Köbler,4,impl/pom.xml
Dirk Mahler,1,impl/pom.xml
annam002,1,impl/pom.xml
Michal Harakal,1,impl/pom.xml
Dirk Mahler,2,jqassistant/index.adoc
Dirk Mahler,2,jqassistant/spring.adoc
Dirk Mahler,2,jqassistant/structure.adoc
Alexander Schwartz,2,.mvn/wrapper/maven-wrapper.jar
Gerd Aschemann,2,.mvn/wrapper/maven-wrapper.jar
Falk Sippach,1,.mvn/wrapper/maven-wrapper.jar
Alexander Schwartz,2,.mvn/wrapper/maven-wrapper.properties
Gerd Aschemann,2,.mvn/wrapper/maven-wrapper.properties
Falk Sippach,1,.mvn/wrapper/maven-wrapper.properties
Alexander Schwartz,2,impl/src/selenium/.gitignore
Gerd Aschemann,2,impl/src/selenium/.gitignore
Falk Sippach,1,impl/src/selenium/.gitignore
Gerd Aschemann,2,impl/src/selenium/README-selenium.md
Alexander Schwartz,2,impl/src/selenium/README-selenium.md
Falk Sippach,1,impl/src/selenium/README-selenium.md
Alexander Schwartz,2,impl/src/selenium/selenium.bat
Gerd Aschemann,2,impl/src/selenium/selenium.bat
Falk Sippach,1,impl/src/selenium/selenium.bat
Gerd Aschemann,2,src/docs/asciidoc/dukecon-server-packages.svg
Dirk Mahler,1,src/docs/asciidoc/dukecon-server-packages.svg
Gerd Aschemann,2,src/docs/asciidoc/index.adoc
Dirk Mahler,1,src/docs/asciidoc/index.adoc
Falk Sippach,1,src/main/resources/application.properties
Gerd Aschemann,2,src/main/resources/versioneye.properties
annam002,1,src/main/resources/versioneye.properties
Dirk Mahler,1,src/main/resources/versioneye.properties
Gerd Aschemann,2,api/src/docs/asciidoc/index.adoc
Dirk Mahler,1,api/src/docs/asciidoc/index.adoc
Gerd Aschemann,2,api/src/main/resources/versioneye.properties
annam002,1,api/src/main/resources/versioneye.properties
Dirk Mahler,1,api/src/main/resources/versioneye.properties
Gerd Aschemann,1,impl/src/docs/asciidoc/index.adoc
Falk Sippach,1,impl/src/docs/asciidoc/index.adoc
Gerd Aschemann,1,impl/src/docs/asciidoc/manual_rest_doc.adoc
Falk Sippach,1,impl/src/docs/asciidoc/manual_rest_doc.adoc
Dirk Mahler,1,impl/src/main/resources/apacheconeu2016.raw
Falk Sippach,1,impl/src/main/resources/apacheconeu2016.raw
Gerd Aschemann,3,impl/src/main/resources/application-docker.properties
Gerd Aschemann,3,impl/src/main/resources/application-integrationtest.properties
Alexander Schwartz,1,impl/src/main/resources/application-integrationtest.properties
Gerd Aschemann,8,impl/src/main/resources/application-latest.properties
Falk Sippach,4,impl/src/main/resources/application-latest.properties
Alexander Schwartz,2,impl/src/main/resources/application-latest.properties
Falk Sippach,6,impl/src/main/resources/application-noauth.properties
Gerd Aschemann,4,impl/src/main/resources/application-noauth.properties
Alexander Schwartz,1,impl/src/main/resources/application-noauth.properties
Gerd Aschemann,2,impl/src/main/resources/application-postgresql-localhost.properties
Gerd Aschemann,2,impl/src/main/resources/application-postgresql-test.properties
Falk Sippach,1,impl/src/main/resources/application-postgresql-test.properties
Gerd Aschemann,4,impl/src/main/resources/application-postgresql.properties
Falk Sippach,4,impl/src/main/resources/application-postgresql.properties
Gerd Aschemann,10,impl/src/main/resources/application-production.properties
Falk Sippach,4,impl/src/main/resources/application-production.properties
Alexander Schwartz,2,impl/src/main/resources/application-production.properties
Dirk Mahler,1,impl/src/main/resources/application-production.properties
Gerd Aschemann,8,impl/src/main/resources/application-release.properties
Falk Sippach,1,impl/src/main/resources/application-release.properties
Falk Sippach,6,impl/src/main/resources/application-testdata.properties
Gerd Aschemann,6,impl/src/main/resources/application-testdata.properties
Alexander Schwartz,1,impl/src/main/resources/application-testdata.properties
Gerd Aschemann,6,impl/src/main/resources/application-testing.properties
Falk Sippach,3,impl/src/main/resources/application-testing.properties
Alexander Schwartz,1,impl/src/main/resources/application-testing.properties
Falk Sippach,21,impl/src/main/resources/application.properties
Gerd Aschemann,16,impl/src/main/resources/application.properties
Alexander Schwartz,7,impl/src/main/resources/application.properties
Christofer Dutz,2,impl/src/main/resources/application.properties
"Aschemann, Gerd",1,impl/src/main/resources/application.properties
Dirk Mahler,1,impl/src/main/resources/application.properties
Niko Köbler,2,impl/src/main/resources/banner.txt
Gerd Aschemann,1,impl/src/main/resources/banner.txt
Falk Sippach,18,impl/src/main/resources/conferences.yml
PitTorf,2,impl/src/main/resources/conferences.yml
Gerd Aschemann,2,impl/src/main/resources/conferences.yml
Dirk Mahler,1,impl/src/main/resources/conferences.yml
Falk Sippach,4,impl/src/main/resources/demotalks.json
Alexander Schwartz,1,impl/src/main/resources/demotalks.json
Gerd Aschemann,1,impl/src/main/resources/demotalks.json
Niko Köbler,1,impl/src/main/resources/demotalks.json
Falk Sippach,3,impl/src/main/resources/herbstcampus_2016_veranstaltungen_20160826.csv
Alexander Schwartz,1,impl/src/main/resources/javaland-2015.raw
"Aschemann, Gerd",1,impl/src/main/resources/javaland-2015.raw
Gerd Aschemann,1,impl/src/main/resources/javaland-2015.raw
Falk Sippach,1,impl/src/main/resources/javaland-2016-final-finished-conf.raw
Dirk Mahler,1,impl/src/main/resources/javaland-2016-final-finished-conf.raw
Falk Sippach,6,impl/src/main/resources/javaland-2016-testdata.raw
Gerd Aschemann,2,impl/src/main/resources/javaland-2016-testdata.raw
Alexander Schwartz,1,impl/src/main/resources/javaland-2016-testdata.raw
Falk Sippach,4,impl/src/main/resources/javaland-2016.raw
Gerd Aschemann,3,impl/src/main/resources/javaland-2016.raw
Falk Sippach,3,impl/src/main/resources/javaland-2017.raw
Gerd Aschemann,2,impl/src/main/resources/javaland-2017.raw
Dirk Mahler,1,impl/src/main/resources/javaland-2017.raw
Falk Sippach,3,impl/src/main/resources/javaland-speaker-2016.raw
Dirk Mahler,1,impl/src/main/resources/javaland-speaker-2016.raw
Falk Sippach,2,impl/src/main/resources/javaland-speaker-2017.raw
Dirk Mahler,1,impl/src/main/resources/javaland-speaker-2017.raw
Dirk Mahler,1,impl/src/main/resources/jfs-2016-final-finished-conf.raw
Falk Sippach,1,impl/src/main/resources/jfs-2016-final-finished-conf.raw
Gerd Aschemann,4,impl/src/main/resources/logback.properties
Gerd Aschemann,5,impl/src/main/resources/logback.xml
Dirk Mahler,1,impl/src/main/resources/logback.xml
Falk Sippach,6,impl/src/main/resources/twitterhandles.csv
Gerd Aschemann,4,impl/src/main/resources/twitterhandles.csv
Dirk Mahler,1,impl/src/main/resources/twitterhandles.csv
Alexander Schwartz,1,impl/src/main/resources/twitterhandles.csv
Gerd Aschemann,2,impl/src/main/resources/versioneye.properties
Dirk Mahler,1,impl/src/main/resources/versioneye.properties
annam002,1,impl/src/main/resources/versioneye.properties
Gerd Aschemann,3,impl/src/main/webapp/tst.html
Dirk Mahler,1,impl/src/main/webapp/tst.html
Alexander Schwartz,4,impl/src/test/resources/arquillian-firefox.xml
Falk Sippach,1,impl/src/test/resources/arquillian-firefox.xml
Alexander Schwartz,4,impl/src/test/resources/arquillian-headless.xml
Gerd Aschemann,2,impl/src/test/resources/arquillian-headless.xml
Falk Sippach,1,impl/src/test/resources/arquillian-headless.xml
Gerd Aschemann,2,impl/src/test/resources/arquillian.xml
Alexander Schwartz,2,impl/src/test/resources/arquillian.xml
Falk Sippach,1,impl/src/test/resources/arquillian.xml
Falk Sippach,5,impl/src/test/resources/conferences-test.yml
Dirk Mahler,1,impl/src/test/resources/conferences-test.yml
Falk Sippach,3,impl/src/test/resources/demotalks.json
Falk Sippach,6,impl/src/test/resources/javaland-2015.raw
Falk Sippach,5,impl/src/test/resources/javaland-2016.raw
Gerd Aschemann,1,impl/src/test/resources/javaland-2016.raw
Alexander Schwartz,1,impl/src/test/resources/javaland-2016.raw
Falk Sippach,3,impl/src/test/resources/javaland-2016.raw_community
Alexander Schwartz,1,impl/src/test/resources/javaland-2016.raw_community
Gerd Aschemann,1,impl/src/test/resources/javaland-2016.raw_community
Falk Sippach,2,impl/src/test/resources/javaland-speaker-2016.raw
Dirk Mahler,1,impl/src/test/resources/javaland-speaker-2016.raw
Gerd Aschemann,3,src/docs/asciidoc/images/level0-whitebox-architecture.puml
Dirk Mahler,1,src/docs/asciidoc/images/level0-whitebox-architecture.puml
Gerd Aschemann,4,api/src/main/resources/raml/dukecon.raml
Niko Köbler,2,api/src/main/resources/raml/dukecon.raml
Falk Sippach,1,api/src/main/resources/raml/dukecon.raml
Gerd Aschemann,3,api/src/main/resources/raml/meta_example.json
Falk Sippach,1,api/src/main/resources/raml/meta_example.json
Niko Köbler,1,api/src/main/resources/raml/meta_example.json
Gerd Aschemann,4,api/src/main/resources/raml/meta_schema.json
Niko Köbler,2,api/src/main/resources/raml/meta_schema.json
Falk Sippach,1,api/src/main/resources/raml/meta_schema.json
Gerd Aschemann,3,api/src/main/resources/raml/talks_example.json
Falk Sippach,1,api/src/main/resources/raml/talks_example.json
Niko Köbler,1,api/src/main/resources/raml/talks_example.json
Gerd Aschemann,4,api/src/main/resources/raml/talks_schema.json
Niko Köbler,2,api/src/main/resources/raml/talks_schema.json
Falk Sippach,1,api/src/main/resources/raml/talks_schema.json
Dirk Mahler,1,impl/src/main/resources/herbstcampus-2016/herbstcampus_2016_veranstaltungen_20160826.csv
Falk Sippach,1,impl/src/main/resources/herbstcampus-2016/herbstcampus_2016_veranstaltungen_20160826.csv
Falk Sippach,2,impl/src/test/resources/herbstcampus-2016/herbstcampus_2016_veranstaltungen_20160826.csv
Dirk Mahler,1,impl/src/test/resources/herbstcampus-2016/herbstcampus_2016_veranstaltungen_20160826.csv
Falk Sippach,1,src/main/java/org/dukecon/DukeConServerApplication.groovy
Falk Sippach,1,src/main/java/org/dukecon/ServletInitializer.groovy
Falk Sippach,1,src/test/java/org/dukecon/DukeConServerApplicationTests.groovy
Falk Sippach,11,impl/src/main/java/org/dukecon/DukeConServerApplication.groovy
Gerd Aschemann,9,impl/src/main/java/org/dukecon/DukeConServerApplication.groovy
Christofer Dutz,4,impl/src/main/java/org/dukecon/DukeConServerApplication.groovy
Alexander Schwartz,2,impl/src/main/java/org/dukecon/DukeConServerApplication.groovy
Dirk Mahler,1,impl/src/main/java/org/dukecon/DukeConServerApplication.groovy
Niko Köbler,1,impl/src/main/java/org/dukecon/DukeConServerApplication.groovy
Gerd Aschemann,2,impl/src/main/java/org/dukecon/ServletInitializer.groovy
Christofer Dutz,3,impl/src/main/resources/META-INF/flex/services-config.xml
Dirk Mahler,1,impl/src/main/resources/META-INF/flex/services-config.xml
Falk Sippach,1,impl/src/main/resources/META-INF/flex/services-config.xml
Falk Sippach,4,impl/src/main/resources/db/migration/V1__init.sql
Gerd Aschemann,2,impl/src/main/resources/db/migration/V1__init.sql
Alexander Schwartz,1,impl/src/main/resources/db/migration/V1__init.sql
Dirk Mahler,1,impl/src/main/resources/herbstcampus-2016/images/5138_1.jpg
Falk Sippach,1,impl/src/main/resources/herbstcampus-2016/images/5138_1.jpg
Dirk Mahler,1,impl/src/main/resources/herbstcampus-2016/images/5140_1.jpg
Falk Sippach,1,impl/src/main/resources/herbstcampus-2016/images/5140_1.jpg
Dirk Mahler,1,impl/src/main/resources/herbstcampus-2016/images/5150_1.jpg
Falk Sippach,1,impl/src/main/resources/herbstcampus-2016/images/5150_1.jpg
Dirk Mahler,1,impl/src/main/resources/herbstcampus-2016/images/5155_1.jpg
Falk Sippach,1,impl/src/main/resources/herbstcampus-2016/images/5155_1.jpg
Falk Sippach,1,impl/src/main/resources/herbstcampus-2016/images/5163_1.jpg
Dirk Mahler,1,impl/src/main/resources/herbstcampus-2016/images/5163_1.jpg
Dirk Mahler,1,impl/src/main/resources/herbstcampus-2016/images/5164_1.jpg
Falk Sippach,1,impl/src/main/resources/herbstcampus-2016/images/5164_1.jpg
Dirk Mahler,1,impl/src/main/resources/herbstcampus-2016/images/5165_1.jpg
Falk Sippach,1,impl/src/main/resources/herbstcampus-2016/images/5165_1.jpg
Dirk Mahler,1,impl/src/main/resources/herbstcampus-2016/images/5173_1.jpg
Falk Sippach,1,impl/src/main/resources/herbstcampus-2016/images/5173_1.jpg
Dirk Mahler,1,impl/src/main/resources/herbstcampus-2016/images/5178_1.jpg
Falk Sippach,1,impl/src/main/resources/herbstcampus-2016/images/5178_1.jpg
Dirk Mahler,1,impl/src/main/resources/herbstcampus-2016/images/5187_1.jpg
Falk Sippach,1,impl/src/main/resources/herbstcampus-2016/images/5187_1.jpg
Dirk Mahler,1,impl/src/main/resources/herbstcampus-2016/images/5196_1.jpg
Falk Sippach,1,impl/src/main/resources/herbstcampus-2016/images/5196_1.jpg
Falk Sippach,1,impl/src/main/resources/herbstcampus-2016/images/5203_1.jpg
Dirk Mahler,1,impl/src/main/resources/herbstcampus-2016/images/5203_1.jpg
Dirk Mahler,1,impl/src/main/resources/herbstcampus-2016/images/5205_1.jpg
Falk Sippach,1,impl/src/main/resources/herbstcampus-2016/images/5205_1.jpg
Dirk Mahler,1,impl/src/main/resources/herbstcampus-2016/images/5207_1.jpg
Falk Sippach,1,impl/src/main/resources/herbstcampus-2016/images/5207_1.jpg
Falk Sippach,1,impl/src/main/resources/herbstcampus-2016/images/5214_1.jpg
Dirk Mahler,1,impl/src/main/resources/herbstcampus-2016/images/5214_1.jpg
Dirk Mahler,1,impl/src/main/resources/herbstcampus-2016/images/5214_2.jpg
Falk Sippach,1,impl/src/main/resources/herbstcampus-2016/images/5214_2.jpg
Dirk Mahler,1,impl/src/main/resources/herbstcampus-2016/images/5217_1.jpg
Falk Sippach,1,impl/src/main/resources/herbstcampus-2016/images/5217_1.jpg
Dirk Mahler,1,impl/src/main/resources/herbstcampus-2016/images/5217_2.jpg
Falk Sippach,1,impl/src/main/resources/herbstcampus-2016/images/5217_2.jpg
Dirk Mahler,1,impl/src/main/resources/herbstcampus-2016/images/5218_1.jpg
Falk Sippach,1,impl/src/main/resources/herbstcampus-2016/images/5218_1.jpg
Dirk Mahler,1,impl/src/main/resources/herbstcampus-2016/images/5222_1.jpg
Falk Sippach,1,impl/src/main/resources/herbstcampus-2016/images/5222_1.jpg
Dirk Mahler,1,impl/src/main/resources/herbstcampus-2016/images/5223_1.jpg
Falk Sippach,1,impl/src/main/resources/herbstcampus-2016/images/5223_1.jpg
Dirk Mahler,1,impl/src/main/resources/herbstcampus-2016/images/5224_1.jpg
Falk Sippach,1,impl/src/main/resources/herbstcampus-2016/images/5224_1.jpg
Dirk Mahler,1,impl/src/main/resources/herbstcampus-2016/images/5224_2.jpg
Falk Sippach,1,impl/src/main/resources/herbstcampus-2016/images/5224_2.jpg
Dirk Mahler,1,impl/src/main/resources/herbstcampus-2016/images/5227_1.jpg
Falk Sippach,1,impl/src/main/resources/herbstcampus-2016/images/5227_1.jpg
Dirk Mahler,1,impl/src/main/resources/herbstcampus-2016/images/5228_1.jpg
Falk Sippach,1,impl/src/main/resources/herbstcampus-2016/images/5228_1.jpg
Falk Sippach,1,impl/src/main/resources/herbstcampus-2016/images/5234_1.jpg
Dirk Mahler,1,impl/src/main/resources/herbstcampus-2016/images/5234_1.jpg
Dirk Mahler,1,impl/src/main/resources/herbstcampus-2016/images/5234_2.jpg
Falk Sippach,1,impl/src/main/resources/herbstcampus-2016/images/5234_2.jpg
Dirk Mahler,1,impl/src/main/resources/herbstcampus-2016/images/5235_1.jpg
Falk Sippach,1,impl/src/main/resources/herbstcampus-2016/images/5235_1.jpg
Dirk Mahler,1,impl/src/main/resources/herbstcampus-2016/images/5236_1.jpg
Falk Sippach,1,impl/src/main/resources/herbstcampus-2016/images/5236_1.jpg
Falk Sippach,1,impl/src/main/resources/herbstcampus-2016/images/5236_2.jpg
Dirk Mahler,1,impl/src/main/resources/herbstcampus-2016/images/5236_2.jpg
Dirk Mahler,1,impl/src/main/resources/herbstcampus-2016/images/5237_1.jpg
Falk Sippach,1,impl/src/main/resources/herbstcampus-2016/images/5237_1.jpg
Dirk Mahler,1,impl/src/main/resources/herbstcampus-2016/images/5241_1.jpg
Falk Sippach,1,impl/src/main/resources/herbstcampus-2016/images/5241_1.jpg
Falk Sippach,1,impl/src/main/resources/herbstcampus-2016/images/5246_1.jpg
Dirk Mahler,1,impl/src/main/resources/herbstcampus-2016/images/5246_1.jpg
Dirk Mahler,1,impl/src/main/resources/herbstcampus-2016/images/5248_1.jpg
Falk Sippach,1,impl/src/main/resources/herbstcampus-2016/images/5248_1.jpg
Dirk Mahler,1,impl/src/main/resources/herbstcampus-2016/images/5250_1.jpg
Falk Sippach,1,impl/src/main/resources/herbstcampus-2016/images/5250_1.jpg
Dirk Mahler,1,impl/src/main/resources/herbstcampus-2016/images/5253_1.jpg
Falk Sippach,1,impl/src/main/resources/herbstcampus-2016/images/5253_1.jpg
Dirk Mahler,1,impl/src/main/resources/herbstcampus-2016/images/5257_1.jpg
Falk Sippach,1,impl/src/main/resources/herbstcampus-2016/images/5257_1.jpg
Dirk Mahler,1,impl/src/main/resources/herbstcampus-2016/images/5262_1.jpg
Falk Sippach,1,impl/src/main/resources/herbstcampus-2016/images/5262_1.jpg
Dirk Mahler,1,impl/src/main/resources/herbstcampus-2016/images/5267_1.jpg
Falk Sippach,1,impl/src/main/resources/herbstcampus-2016/images/5267_1.jpg
Dirk Mahler,1,impl/src/main/resources/herbstcampus-2016/images/5270_1.jpg
Falk Sippach,1,impl/src/main/resources/herbstcampus-2016/images/5270_1.jpg
Dirk Mahler,1,impl/src/main/resources/herbstcampus-2016/images/5273_1.jpg
Falk Sippach,1,impl/src/main/resources/herbstcampus-2016/images/5273_1.jpg
Dirk Mahler,1,impl/src/main/resources/herbstcampus-2016/images/5274_1.jpg
Falk Sippach,1,impl/src/main/resources/herbstcampus-2016/images/5274_1.jpg
Dirk Mahler,1,impl/src/main/resources/herbstcampus-2016/images/5277_1.jpg
Falk Sippach,1,impl/src/main/resources/herbstcampus-2016/images/5277_1.jpg
Falk Sippach,1,impl/src/main/resources/herbstcampus-2016/images/5280_1.jpg
Dirk Mahler,1,impl/src/main/resources/herbstcampus-2016/images/5280_1.jpg
Dirk Mahler,1,impl/src/main/resources/herbstcampus-2016/images/5280_2.jpg
Falk Sippach,1,impl/src/main/resources/herbstcampus-2016/images/5280_2.jpg
Dirk Mahler,1,impl/src/main/resources/herbstcampus-2016/images/5281_1.jpg
Falk Sippach,1,impl/src/main/resources/herbstcampus-2016/images/5281_1.jpg
Dirk Mahler,1,impl/src/main/resources/herbstcampus-2016/images/5283_1.jpg
Falk Sippach,1,impl/src/main/resources/herbstcampus-2016/images/5283_1.jpg
Dirk Mahler,1,impl/src/main/resources/herbstcampus-2016/images/5285_1.jpg
Falk Sippach,1,impl/src/main/resources/herbstcampus-2016/images/5285_1.jpg
Dirk Mahler,1,impl/src/main/resources/herbstcampus-2016/images/5286_1.jpg
Falk Sippach,1,impl/src/main/resources/herbstcampus-2016/images/5286_1.jpg
Falk Sippach,1,impl/src/main/resources/herbstcampus-2016/images/5287_1.jpg
Dirk Mahler,1,impl/src/main/resources/herbstcampus-2016/images/5287_1.jpg
Dirk Mahler,1,impl/src/main/resources/herbstcampus-2016/images/5288_1.jpg
Falk Sippach,1,impl/src/main/resources/herbstcampus-2016/images/5288_1.jpg
Dirk Mahler,1,impl/src/main/resources/herbstcampus-2016/images/5289_1.jpg
Falk Sippach,1,impl/src/main/resources/herbstcampus-2016/images/5289_1.jpg
Dirk Mahler,1,impl/src/main/resources/herbstcampus-2016/images/5290_1.jpg
Falk Sippach,1,impl/src/main/resources/herbstcampus-2016/images/5290_1.jpg
Dirk Mahler,1,impl/src/main/resources/herbstcampus-2016/images/5510_1.jpg
Falk Sippach,1,impl/src/main/resources/herbstcampus-2016/images/5510_1.jpg
Falk Sippach,1,impl/src/main/resources/herbstcampus-2016/images/5511_1.jpg
Dirk Mahler,1,impl/src/main/resources/herbstcampus-2016/images/5511_1.jpg
Dirk Mahler,1,impl/src/main/resources/herbstcampus-2016/images/5511_2.jpg
Falk Sippach,1,impl/src/main/resources/herbstcampus-2016/images/5511_2.jpg
Christofer Dutz,1,impl/src/main/webapp/WEB-INF/conferences/499959.properties
Falk Sippach,1,impl/src/main/webapp/WEB-INF/conferences/499959.properties
stephaniep,1,impl/src/main/webapp/WEB-INF/conferences/522447.properties
Falk Sippach,1,impl/src/main/webapp/WEB-INF/conferences/522447.properties
Christofer Dutz,2,impl/src/main/webapp/WEB-INF/conferences/apacheconeu2016.properties
Dirk Mahler,1,impl/src/main/webapp/WEB-INF/conferences/apacheconeu2016.properties
Falk Sippach,1,impl/src/main/webapp/WEB-INF/conferences/apacheconeu2016.properties
Dirk Mahler,1,impl/src/main/webapp/WEB-INF/conferences/jl2016.properties
Falk Sippach,1,impl/src/main/webapp/WEB-INF/conferences/jl2016.properties
steffchep,1,impl/src/main/webapp/WEB-INF/conferences/jl2017.properties
Dirk Mahler,1,impl/src/main/webapp/WEB-INF/conferences/jl2017.properties
Christofer Dutz,2,impl/src/main/webapp/WEB-INF/templates/styles.ftl
Dirk Mahler,1,impl/src/main/webapp/WEB-INF/templates/styles.ftl
Falk Sippach,1,impl/src/main/webapp/WEB-INF/templates/styles.ftl
Stephanie Peters,1,impl/src/main/webapp/WEB-INF/templates/styles.ftl
Gerd Aschemann,2,impl/src/main/webapp/public/versions/dukecon_server-version.txt
Dirk Mahler,1,impl/src/main/webapp/public/versions/dukecon_server-version.txt
Gerd Aschemann,2,impl/src/main/webapp/public/versions/index.html
Dirk Mahler,1,impl/src/main/webapp/public/versions/index.html
Gerd Aschemann,1,impl/src/test/java/org/dukecon/DukeConServerApplicationTests.groovy
Falk Sippach,2,impl/src/test/java/org/dukecon/DukeconServerApplicationSpec.groovy
Gerd Aschemann,2,impl/src/test/java/org/dukecon/DukeconServerApplicationSpec.groovy
Alexander Schwartz,2,impl/src/test/resources/META-INF/services/org.jboss.arquillian.core.spi.LoadableExtension
Gerd Aschemann,2,impl/src/test/resources/META-INF/services/org.jboss.arquillian.core.spi.LoadableExtension
Falk Sippach,1,impl/src/test/resources/META-INF/services/org.jboss.arquillian.core.spi.LoadableExtension
Dirk Mahler,1,api/src/main/java/org/dukecon/adapter/ResourceWrapper.java
Falk Sippach,1,api/src/main/java/org/dukecon/adapter/ResourceWrapper.java
Falk Sippach,13,api/src/main/java/org/dukecon/model/Audience.java
Christofer Dutz,3,api/src/main/java/org/dukecon/model/Audience.java
Gerd Aschemann,1,api/src/main/java/org/dukecon/model/Audience.java
Alexander Schwartz,1,api/src/main/java/org/dukecon/model/Audience.java
Dirk Mahler,1,api/src/main/java/org/dukecon/model/Audience.java
Falk Sippach,19,api/src/main/java/org/dukecon/model/Conference.java
Christofer Dutz,4,api/src/main/java/org/dukecon/model/Conference.java
Gerd Aschemann,1,api/src/main/java/org/dukecon/model/Conference.java
Niko Köbler,1,api/src/main/java/org/dukecon/model/Conference.java
Dirk Mahler,1,api/src/main/java/org/dukecon/model/Conference.java
Alexander Schwartz,1,api/src/main/java/org/dukecon/model/Conference.java
Falk Sippach,10,api/src/main/java/org/dukecon/model/Event.java
Christofer Dutz,3,api/src/main/java/org/dukecon/model/Event.java
Dirk Mahler,1,api/src/main/java/org/dukecon/model/Event.java
Alexander Schwartz,1,api/src/main/java/org/dukecon/model/Event.java
Gerd Aschemann,1,api/src/main/java/org/dukecon/model/Event.java
Falk Sippach,4,api/src/main/java/org/dukecon/model/EventType.java
Christofer Dutz,3,api/src/main/java/org/dukecon/model/EventType.java
Dirk Mahler,1,api/src/main/java/org/dukecon/model/EventType.java
Alexander Schwartz,1,api/src/main/java/org/dukecon/model/EventType.java
Gerd Aschemann,1,api/src/main/java/org/dukecon/model/EventType.java
Christofer Dutz,1,api/src/main/java/org/dukecon/model/Identifyable.java
Dirk Mahler,1,api/src/main/java/org/dukecon/model/Identifyable.java
Falk Sippach,10,api/src/main/java/org/dukecon/model/Language.java
Christofer Dutz,4,api/src/main/java/org/dukecon/model/Language.java
Gerd Aschemann,2,api/src/main/java/org/dukecon/model/Language.java
Dirk Mahler,1,api/src/main/java/org/dukecon/model/Language.java
Alexander Schwartz,1,api/src/main/java/org/dukecon/model/Language.java
Falk Sippach,5,api/src/main/java/org/dukecon/model/Location.java
Christofer Dutz,3,api/src/main/java/org/dukecon/model/Location.java
Dirk Mahler,1,api/src/main/java/org/dukecon/model/Location.java
Alexander Schwartz,1,api/src/main/java/org/dukecon/model/Location.java
Gerd Aschemann,1,api/src/main/java/org/dukecon/model/Location.java
Falk Sippach,20,api/src/main/java/org/dukecon/model/MetaData.java
Christofer Dutz,4,api/src/main/java/org/dukecon/model/MetaData.java
Gerd Aschemann,1,api/src/main/java/org/dukecon/model/MetaData.java
Niko Köbler,1,api/src/main/java/org/dukecon/model/MetaData.java
Dirk Mahler,1,api/src/main/java/org/dukecon/model/MetaData.java
Alexander Schwartz,1,api/src/main/java/org/dukecon/model/MetaData.java
Falk Sippach,4,api/src/main/java/org/dukecon/model/OrderAndNamable.java
Christofer Dutz,2,api/src/main/java/org/dukecon/model/Resources.java
Falk Sippach,1,api/src/main/java/org/dukecon/model/Resources.java
Dirk Mahler,1,api/src/main/java/org/dukecon/model/Resources.java
Falk Sippach,12,api/src/main/java/org/dukecon/model/Room.java
Falk Sippach,15,api/src/main/java/org/dukecon/model/Speaker.java
Christofer Dutz,3,api/src/main/java/org/dukecon/model/Speaker.java
Niko Köbler,2,api/src/main/java/org/dukecon/model/Speaker.java
Gerd Aschemann,1,api/src/main/java/org/dukecon/model/Speaker.java
Dirk Mahler,1,api/src/main/java/org/dukecon/model/Speaker.java
Alexander Schwartz,1,api/src/main/java/org/dukecon/model/Speaker.java
Christofer Dutz,1,api/src/main/java/org/dukecon/model/Styles.java
Dirk Mahler,1,api/src/main/java/org/dukecon/model/Styles.java
Falk Sippach,1,api/src/main/java/org/dukecon/model/Styles.java
Falk Sippach,15,api/src/main/java/org/dukecon/model/Talk.java
Niko Köbler,3,api/src/main/java/org/dukecon/model/Talk.java
Gerd Aschemann,1,api/src/main/java/org/dukecon/model/Talk.java
Falk Sippach,5,api/src/main/java/org/dukecon/model/TalkOld.java
Alexander Schwartz,2,api/src/main/java/org/dukecon/model/TalkOld.java
Gerd Aschemann,1,api/src/main/java/org/dukecon/model/TalkOld.java
Falk Sippach,10,api/src/main/java/org/dukecon/model/TalkType.java
Falk Sippach,14,api/src/main/java/org/dukecon/model/Track.java
Christofer Dutz,3,api/src/main/java/org/dukecon/model/Track.java
Alexander Schwartz,1,api/src/main/java/org/dukecon/model/Track.java
Dirk Mahler,1,api/src/main/java/org/dukecon/model/Track.java
Gerd Aschemann,1,api/src/main/java/org/dukecon/model/Track.java
Falk Sippach,1,api/src/main/java/org/dukecon/model/UserFilters.java
Gerd Aschemann,2,api/src/main/java/org/dukecon/model/UserPreference.java
Christofer Dutz,2,api/src/main/java/org/dukecon/services/ConferenceService.java
Dirk Mahler,1,api/src/main/java/org/dukecon/services/ConferenceService.java
Falk Sippach,1,api/src/main/java/org/dukecon/services/ConferenceService.java
Christofer Dutz,2,api/src/main/java/org/dukecon/services/CrudService.java
Dirk Mahler,1,api/src/main/java/org/dukecon/services/CrudService.java
Christofer Dutz,3,api/src/main/java/org/dukecon/services/ResourceService.java
Gerd Aschemann,1,api/src/main/java/org/dukecon/services/ResourceService.java
Dirk Mahler,1,api/src/main/java/org/dukecon/services/ResourceService.java
Falk Sippach,1,api/src/main/java/org/dukecon/services/ResourceService.java
Falk Sippach,2,api/src/test/java/org/dukecon/adapter/ResourceWrapperTests.java
Dirk Mahler,1,api/src/test/java/org/dukecon/adapter/ResourceWrapperTests.java
Niko Köbler,1,impl/src/main/java/org/dukecon/model/Conference.java
Niko Köbler,1,impl/src/main/java/org/dukecon/model/MetaData.java
Niko Köbler,1,impl/src/main/java/org/dukecon/model/Speaker.java
Niko Köbler,1,impl/src/main/java/org/dukecon/model/Talk.java
Gerd Aschemann,2,impl/src/main/resources/db/migration/common/need-at-least-an-empty-file-here.txt
Falk Sippach,1,impl/src/main/resources/db/migration/common/need-at-least-an-empty-file-here.txt
Gerd Aschemann,2,impl/src/main/resources/db/migration/h2/V1__init.sql
Falk Sippach,2,impl/src/main/resources/db/migration/h2/V1__init.sql
Gerd Aschemann,2,impl/src/main/resources/db/migration/postgresql/V1__init.sql
Falk Sippach,2,impl/src/main/resources/db/migration/postgresql/V1__init.sql
Christofer Dutz,1,impl/src/main/webapp/public/img/languages/1.png
Christofer Dutz,1,impl/src/main/webapp/public/img/languages/2.png
Christofer Dutz,1,impl/src/main/webapp/public/img/languages/3.png
Christofer Dutz,1,impl/src/main/webapp/public/img/streams/1.jpg
Christofer Dutz,1,impl/src/main/webapp/public/img/streams/2.jpg
Christofer Dutz,1,impl/src/main/webapp/public/img/streams/3.jpg
Christofer Dutz,1,impl/src/main/webapp/public/img/streams/4.jpg
Christofer Dutz,1,impl/src/main/webapp/public/img/streams/5.jpg
Christofer Dutz,1,impl/src/main/webapp/public/img/streams/6.jpg
Christofer Dutz,1,impl/src/main/webapp/public/img/streams/7.jpg
Christofer Dutz,1,impl/src/main/webapp/public/img/streams/8.jpg
Christofer Dutz,1,impl/src/main/webapp/public/img/streams/9.jpg
Falk Sippach,5,impl/src/test/java/org/dukecon/integration/DukeConServerApplicationTests.groovy
Gerd Aschemann,4,impl/src/test/java/org/dukecon/integration/DukeconServerApplicationSpec.groovy
Falk Sippach,4,impl/src/test/java/org/dukecon/integration/DukeconServerApplicationSpec.groovy
Niko Köbler,2,impl/src/test/java/org/dukecon/integration/DukeconServerApplicationSpec.groovy
"Aschemann, Gerd",1,impl/src/test/java/org/dukecon/integration/DukeconServerApplicationSpec.groovy
Falk Sippach,5,impl/src/test/java/org/dukecon/unit/SampleSpec.groovy
Christofer Dutz,1,api/src/main/java/org/dukecon/model/annotations/Relation.java
Dirk Mahler,1,api/src/main/java/org/dukecon/model/annotations/Relation.java
Falk Sippach,4,api/src/main/java/org/dukecon/model/user/UserFilters.java
Alexander Schwartz,1,api/src/main/java/org/dukecon/model/user/UserFilters.java
Gerd Aschemann,1,api/src/main/java/org/dukecon/model/user/UserFilters.java
Falk Sippach,5,api/src/main/java/org/dukecon/model/user/UserPreference.java
Christofer Dutz,1,api/src/main/java/org/dukecon/model/user/UserPreference.java
Dirk Mahler,1,api/src/main/java/org/dukecon/model/user/UserPreference.java
Alexander Schwartz,1,api/src/main/java/org/dukecon/model/user/UserPreference.java
Gerd Aschemann,1,api/src/main/java/org/dukecon/model/user/UserPreference.java
Falk Sippach,2,impl/src/main/java/org/dukecon/server/adapter/ConferenceDataExtractor.groovy
Dirk Mahler,1,impl/src/main/java/org/dukecon/server/adapter/ConferenceDataExtractor.groovy
Gerd Aschemann,1,impl/src/main/java/org/dukecon/server/adapter/ConferenceDataExtractor.groovy
Falk Sippach,2,impl/src/main/java/org/dukecon/server/adapter/ConferenceDataProvider.groovy
Dirk Mahler,1,impl/src/main/java/org/dukecon/server/adapter/ConferenceDataProvider.groovy
Gerd Aschemann,1,impl/src/main/java/org/dukecon/server/adapter/ConferenceDataProvider.groovy
Falk Sippach,9,impl/src/main/java/org/dukecon/server/adapter/DataProviderLoader.groovy
Gerd Aschemann,1,impl/src/main/java/org/dukecon/server/adapter/DataProviderLoader.groovy
Dirk Mahler,1,impl/src/main/java/org/dukecon/server/adapter/DataProviderLoader.groovy
Falk Sippach,4,impl/src/main/java/org/dukecon/server/adapter/DefaultRawDataResource.groovy
Falk Sippach,2,impl/src/main/java/org/dukecon/server/adapter/LocalResourceDataProvider.groovy
Dirk Mahler,1,impl/src/main/java/org/dukecon/server/adapter/LocalResourceDataProvider.groovy
Gerd Aschemann,1,impl/src/main/java/org/dukecon/server/adapter/LocalResourceDataProvider.groovy
Falk Sippach,2,impl/src/main/java/org/dukecon/server/adapter/MultipleRawDataResources.groovy
Falk Sippach,6,impl/src/main/java/org/dukecon/server/adapter/RawDataMapper.groovy
Dirk Mahler,1,impl/src/main/java/org/dukecon/server/adapter/RawDataMapper.groovy
Falk Sippach,3,impl/src/main/java/org/dukecon/server/adapter/RawDataResourceSupplier.groovy
Dirk Mahler,1,impl/src/main/java/org/dukecon/server/adapter/RawDataResources.groovy
Falk Sippach,1,impl/src/main/java/org/dukecon/server/adapter/RawDataResources.groovy
Falk Sippach,4,impl/src/main/java/org/dukecon/server/adapter/WebResourceDataProvider.groovy
Dirk Mahler,1,impl/src/main/java/org/dukecon/server/adapter/WebResourceDataProvider.groovy
Gerd Aschemann,1,impl/src/main/java/org/dukecon/server/adapter/WebResourceDataProvider.groovy
Falk Sippach,1,impl/src/main/java/org/dukecon/server/adapter/WebResourceDataProviderHealthIndicator.groovy
Gerd Aschemann,1,impl/src/main/java/org/dukecon/server/adapter/WebResourceDataProviderHealthIndicator.groovy
Dirk Mahler,1,impl/src/main/java/org/dukecon/server/adapter/WebResourceDataProviderHealthIndicator.groovy
Falk Sippach,9,impl/src/main/java/org/dukecon/server/adapter/WebResourceDataProviderRemote.groovy
Gerd Aschemann,3,impl/src/main/java/org/dukecon/server/adapter/WebResourceDataProviderRemote.groovy
Dirk Mahler,1,impl/src/main/java/org/dukecon/server/adapter/WebResourceDataProviderRemote.groovy
Dirk Mahler,1,impl/src/main/java/org/dukecon/server/adapter/WebResourceLocalBackup.groovy
Falk Sippach,1,impl/src/main/java/org/dukecon/server/adapter/WebResourceLocalBackup.groovy
Dirk Mahler,1,impl/src/main/java/org/dukecon/server/admin/AdminResource.groovy
Falk Sippach,1,impl/src/main/java/org/dukecon/server/admin/AdminResource.groovy
Dirk Mahler,1,impl/src/main/java/org/dukecon/server/admin/EventBookingService.groovy
Falk Sippach,1,impl/src/main/java/org/dukecon/server/admin/EventBookingService.groovy
Falk Sippach,1,impl/src/main/java/org/dukecon/server/admin/FullyBookedResource.groovy
Falk Sippach,1,impl/src/main/java/org/dukecon/server/admin/FullyBookedService.groovy
Falk Sippach,26,impl/src/main/java/org/dukecon/server/business/JavalandDataExtractor.groovy
Falk Sippach,14,impl/src/main/java/org/dukecon/server/business/JavalandDataProvider.groovy
Falk Sippach,11,impl/src/main/java/org/dukecon/server/business/MetaDataExtractor.groovy
Falk Sippach,5,impl/src/main/java/org/dukecon/server/business/MetaDataLookup.groovy
Falk Sippach,2,impl/src/main/java/org/dukecon/server/business/PreferencesRepository.groovy
Gerd Aschemann,2,impl/src/main/java/org/dukecon/server/business/PreferencesRepository.groovy
Christofer Dutz,1,impl/src/main/java/org/dukecon/server/business/PreferencesRepository.groovy
Falk Sippach,1,impl/src/main/java/org/dukecon/server/business/SliceEventHelper.groovy
Gerd Aschemann,10,impl/src/main/java/org/dukecon/server/business/TalkProvider.groovy
Falk Sippach,8,impl/src/main/java/org/dukecon/server/business/TalkProvider.groovy
Niko Köbler,5,impl/src/main/java/org/dukecon/server/business/TalkProvider.groovy
"Aschemann, Gerd",1,impl/src/main/java/org/dukecon/server/business/TalkProvider.groovy
Alexander Schwartz,1,impl/src/main/java/org/dukecon/server/business/TalkProvider.groovy
Falk Sippach,3,impl/src/main/java/org/dukecon/server/conference/ConferenceDataExtractor.groovy
Gerd Aschemann,2,impl/src/main/java/org/dukecon/server/conference/ConferenceDataProvider.groovy
annam002,2,impl/src/main/java/org/dukecon/server/conference/ConferenceDataProvider.groovy
Falk Sippach,1,impl/src/main/java/org/dukecon/server/conference/ConferenceDataProvider.groovy
Falk Sippach,3,impl/src/main/java/org/dukecon/server/conference/ConferenceDetailResource.groovy
Alexander Schwartz,2,impl/src/main/java/org/dukecon/server/conference/ConferenceDetailResource.groovy
Michal Harakal,1,impl/src/main/java/org/dukecon/server/conference/ConferenceDetailResource.groovy
Dirk Mahler,1,impl/src/main/java/org/dukecon/server/conference/ConferenceDetailResource.groovy
Gerd Aschemann,1,impl/src/main/java/org/dukecon/server/conference/ConferenceDetailResource.groovy
Falk Sippach,10,impl/src/main/java/org/dukecon/server/conference/ConferencesConfiguration.groovy
Dirk Mahler,1,impl/src/main/java/org/dukecon/server/conference/ConferencesConfiguration.groovy
Gerd Aschemann,1,impl/src/main/java/org/dukecon/server/conference/ConferencesConfiguration.groovy
Falk Sippach,2,impl/src/main/java/org/dukecon/server/conference/ConferencesConfigurationService.groovy
Dirk Mahler,1,impl/src/main/java/org/dukecon/server/conference/ConferencesConfigurationService.groovy
Falk Sippach,10,impl/src/main/java/org/dukecon/server/conference/ConferencesResource.groovy
Alexander Schwartz,3,impl/src/main/java/org/dukecon/server/conference/ConferencesResource.groovy
Gerd Aschemann,3,impl/src/main/java/org/dukecon/server/conference/ConferencesResource.groovy
annam002,2,impl/src/main/java/org/dukecon/server/conference/ConferencesResource.groovy
Christofer Dutz,2,impl/src/main/java/org/dukecon/server/conference/ConferencesResource.groovy
Dirk Mahler,1,impl/src/main/java/org/dukecon/server/conference/ConferencesResource.groovy
Michal Harakal,1,impl/src/main/java/org/dukecon/server/conference/ConferencesResource.groovy
Falk Sippach,5,impl/src/main/java/org/dukecon/server/conference/CurrentConferenceResource.groovy
Gerd Aschemann,2,impl/src/main/java/org/dukecon/server/conference/CurrentConferenceResource.groovy
Dirk Mahler,1,impl/src/main/java/org/dukecon/server/conference/CurrentConferenceResource.groovy
Dirk Mahler,1,impl/src/main/java/org/dukecon/server/conference/EventBookingResource.groovy
Falk Sippach,1,impl/src/main/java/org/dukecon/server/conference/EventBookingResource.groovy
Falk Sippach,3,impl/src/main/java/org/dukecon/server/conference/InitResource.groovy
Gerd Aschemann,2,impl/src/main/java/org/dukecon/server/conference/InitResource.groovy
Alexander Schwartz,5,impl/src/main/java/org/dukecon/server/conference/JavalandDataExtractor.groovy
Falk Sippach,3,impl/src/main/java/org/dukecon/server/conference/JavalandDataExtractor.groovy
Gerd Aschemann,3,impl/src/main/java/org/dukecon/server/conference/JavalandDataExtractor.groovy
Alexander Schwartz,4,impl/src/main/java/org/dukecon/server/conference/JavalandDataProvider.groovy
Falk Sippach,2,impl/src/main/java/org/dukecon/server/conference/JavalandDataProvider.groovy
Gerd Aschemann,2,impl/src/main/java/org/dukecon/server/conference/JavalandDataProvider.groovy
Alexander Schwartz,3,impl/src/main/java/org/dukecon/server/conference/JavalandDataProviderHealthIndicator.groovy
Gerd Aschemann,2,impl/src/main/java/org/dukecon/server/conference/JavalandDataProviderHealthIndicator.groovy
Falk Sippach,1,impl/src/main/java/org/dukecon/server/conference/JavalandDataProviderHealthIndicator.groovy
Alexander Schwartz,1,impl/src/main/java/org/dukecon/server/conference/JavalandDataRemote.groovy
Falk Sippach,1,impl/src/main/java/org/dukecon/server/conference/JavalandDataRemote.groovy
Gerd Aschemann,1,impl/src/main/java/org/dukecon/server/conference/JavalandDataRemote.groovy
Falk Sippach,1,impl/src/main/java/org/dukecon/server/conference/SliceEventHelper.groovy
Alexander Schwartz,1,impl/src/main/java/org/dukecon/server/conference/SliceEventHelper.groovy
Gerd Aschemann,1,impl/src/main/java/org/dukecon/server/conference/SliceEventHelper.groovy
Falk Sippach,1,impl/src/main/java/org/dukecon/server/conference/SpeakerImageResource.groovy
Dirk Mahler,1,impl/src/main/java/org/dukecon/server/conference/YamlDateTimeConstructor.java
Falk Sippach,1,impl/src/main/java/org/dukecon/server/conference/YamlDateTimeConstructor.java
Gerd Aschemann,1,impl/src/main/java/org/dukecon/server/conference/YamlDateTimeConstructor.java
Falk Sippach,2,impl/src/main/java/org/dukecon/server/core/CacheManifestFilter.groovy
Gerd Aschemann,2,impl/src/main/java/org/dukecon/server/core/CacheManifestFilter.groovy
Alexander Schwartz,2,impl/src/main/java/org/dukecon/server/core/CacheManifestFilter.groovy
Dirk Mahler,1,impl/src/main/java/org/dukecon/server/core/CorsFilter.groovy
Falk Sippach,1,impl/src/main/java/org/dukecon/server/core/CorsFilter.groovy
Gerd Aschemann,1,impl/src/main/java/org/dukecon/server/core/CorsFilter.groovy
Falk Sippach,11,impl/src/main/java/org/dukecon/server/core/JerseyConfig.java
Gerd Aschemann,4,impl/src/main/java/org/dukecon/server/core/JerseyConfig.java
Dirk Mahler,1,impl/src/main/java/org/dukecon/server/core/JerseyConfig.java
Alexander Schwartz,1,impl/src/main/java/org/dukecon/server/core/JerseyConfig.java
annam002,3,impl/src/main/java/org/dukecon/server/core/MetaService.java
Gerd Aschemann,2,impl/src/main/java/org/dukecon/server/core/MetaService.java
Christofer Dutz,2,impl/src/main/java/org/dukecon/server/core/MetaService.java
Falk Sippach,2,impl/src/main/java/org/dukecon/server/core/MetaService.java
Dirk Mahler,1,impl/src/main/java/org/dukecon/server/core/MetaService.java
Alexander Schwartz,1,impl/src/main/java/org/dukecon/server/core/MetaService.java
Alexander Schwartz,1,impl/src/main/java/org/dukecon/server/core/ServletCustomizer.groovy
Falk Sippach,1,impl/src/main/java/org/dukecon/server/core/ServletCustomizer.groovy
Gerd Aschemann,1,impl/src/main/java/org/dukecon/server/core/ServletCustomizer.groovy
Falk Sippach,1,impl/src/main/java/org/dukecon/server/core/ServletInitializer.groovy
Alexander Schwartz,1,impl/src/main/java/org/dukecon/server/core/ServletInitializer.groovy
Gerd Aschemann,1,impl/src/main/java/org/dukecon/server/core/ServletInitializer.groovy
Falk Sippach,2,impl/src/main/java/org/dukecon/server/favorites/AbstractPreferencesService.groovy
Dirk Mahler,1,impl/src/main/java/org/dukecon/server/favorites/AbstractPreferencesService.groovy
Alexander Schwartz,1,impl/src/main/java/org/dukecon/server/favorites/AbstractPreferencesService.groovy
Gerd Aschemann,1,impl/src/main/java/org/dukecon/server/favorites/AbstractPreferencesService.groovy
Gerd Aschemann,2,impl/src/main/java/org/dukecon/server/favorites/NoAuthPreferencesService.groovy
Falk Sippach,1,impl/src/main/java/org/dukecon/server/favorites/NoAuthPreferencesServices.groovy
Alexander Schwartz,1,impl/src/main/java/org/dukecon/server/favorites/NoAuthPreferencesServices.groovy
Falk Sippach,2,impl/src/main/java/org/dukecon/server/favorites/Preference.groovy
Gerd Aschemann,1,impl/src/main/java/org/dukecon/server/favorites/Preference.groovy
Alexander Schwartz,1,impl/src/main/java/org/dukecon/server/favorites/Preference.groovy
Falk Sippach,2,impl/src/main/java/org/dukecon/server/favorites/PreferencesRepository.groovy
Alexander Schwartz,1,impl/src/main/java/org/dukecon/server/favorites/PreferencesRepository.groovy
Dirk Mahler,1,impl/src/main/java/org/dukecon/server/favorites/PreferencesRepository.groovy
Gerd Aschemann,1,impl/src/main/java/org/dukecon/server/favorites/PreferencesRepository.groovy
Falk Sippach,1,impl/src/main/java/org/dukecon/server/favorites/PreferencesService.groovy
Alexander Schwartz,1,impl/src/main/java/org/dukecon/server/favorites/PreferencesService.groovy
Gerd Aschemann,1,impl/src/main/java/org/dukecon/server/favorites/PreferencesService.groovy
Falk Sippach,2,impl/src/main/java/org/dukecon/server/filter/Filters.groovy
Alexander Schwartz,1,impl/src/main/java/org/dukecon/server/filter/Filters.groovy
Gerd Aschemann,1,impl/src/main/java/org/dukecon/server/filter/Filters.groovy
Falk Sippach,1,impl/src/main/java/org/dukecon/server/filter/FiltersRepository.groovy
Alexander Schwartz,1,impl/src/main/java/org/dukecon/server/filter/FiltersRepository.groovy
Gerd Aschemann,1,impl/src/main/java/org/dukecon/server/filter/FiltersRepository.groovy
Falk Sippach,1,impl/src/main/java/org/dukecon/server/filter/FiltersService.groovy
Alexander Schwartz,1,impl/src/main/java/org/dukecon/server/filter/FiltersService.groovy
Gerd Aschemann,1,impl/src/main/java/org/dukecon/server/filter/FiltersService.groovy
Falk Sippach,2,impl/src/main/java/org/dukecon/server/herbstcampus/HerbstcampusAbstractEntityMapper.groovy
Falk Sippach,3,impl/src/main/java/org/dukecon/server/herbstcampus/HerbstcampusAudienceMapper.groovy
Gerd Aschemann,1,impl/src/main/java/org/dukecon/server/herbstcampus/HerbstcampusAudienceMapper.groovy
Falk Sippach,2,impl/src/main/java/org/dukecon/server/herbstcampus/HerbstcampusCsvInput.groovy
Gerd Aschemann,1,impl/src/main/java/org/dukecon/server/herbstcampus/HerbstcampusCsvInput.groovy
Falk Sippach,4,impl/src/main/java/org/dukecon/server/herbstcampus/HerbstcampusDataExtractor.groovy
Gerd Aschemann,1,impl/src/main/java/org/dukecon/server/herbstcampus/HerbstcampusDataExtractor.groovy
Falk Sippach,4,impl/src/main/java/org/dukecon/server/herbstcampus/HerbstcampusDataProvider.groovy
Gerd Aschemann,1,impl/src/main/java/org/dukecon/server/herbstcampus/HerbstcampusDataProvider.groovy
Christofer Dutz,1,impl/src/main/java/org/dukecon/server/herbstcampus/HerbstcampusDataProvider.groovy
Falk Sippach,5,impl/src/main/java/org/dukecon/server/herbstcampus/HerbstcampusEventMapper.groovy
Gerd Aschemann,1,impl/src/main/java/org/dukecon/server/herbstcampus/HerbstcampusEventMapper.groovy
Falk Sippach,3,impl/src/main/java/org/dukecon/server/herbstcampus/HerbstcampusEventTypeMapper.groovy
Gerd Aschemann,1,impl/src/main/java/org/dukecon/server/herbstcampus/HerbstcampusEventTypeMapper.groovy
Falk Sippach,2,impl/src/main/java/org/dukecon/server/herbstcampus/HerbstcampusLanguageMapper.groovy
Falk Sippach,3,impl/src/main/java/org/dukecon/server/herbstcampus/HerbstcampusLocationMapper.groovy
Gerd Aschemann,1,impl/src/main/java/org/dukecon/server/herbstcampus/HerbstcampusLocationMapper.groovy
Falk Sippach,2,impl/src/main/java/org/dukecon/server/herbstcampus/HerbstcampusMetaDataMapper.groovy
Falk Sippach,3,impl/src/main/java/org/dukecon/server/herbstcampus/HerbstcampusSpeakerMapper.groovy
Christofer Dutz,1,impl/src/main/java/org/dukecon/server/herbstcampus/HerbstcampusSpeakerMapper.groovy
Falk Sippach,2,impl/src/main/java/org/dukecon/server/herbstcampus/HerbstcampusStreamMapper.groovy
Gerd Aschemann,1,impl/src/main/java/org/dukecon/server/impl/CacheManifestFilter.groovy
Gerd Aschemann,2,impl/src/main/java/org/dukecon/server/impl/JerseyConfig.groovy
Gerd Aschemann,7,impl/src/main/java/org/dukecon/server/impl/JerseyConfig.java
Falk Sippach,7,impl/src/main/java/org/dukecon/server/impl/JerseyConfig.java
Niko Köbler,1,impl/src/main/java/org/dukecon/server/impl/JerseyConfig.java
Christofer Dutz,1,impl/src/main/java/org/dukecon/server/impl/JerseyConfig.java
Alexander Schwartz,1,impl/src/main/java/org/dukecon/server/impl/JerseyConfig.java
Niko Köbler,1,impl/src/main/java/org/dukecon/server/impl/JerseyConfig.java
Gerd Aschemann,1,impl/src/main/java/org/dukecon/server/impl/ServletCustomizer.groovy
Gerd Aschemann,1,impl/src/main/java/org/dukecon/server/impl/ServletInitializer.groovy
Falk Sippach,4,impl/src/main/java/org/dukecon/server/javaland/JavalandDataExtractor.groovy
Christofer Dutz,3,impl/src/main/java/org/dukecon/server/javaland/JavalandDataExtractor.groovy
Gerd Aschemann,3,impl/src/main/java/org/dukecon/server/javaland/JavalandDataExtractor.groovy
annam002,2,impl/src/main/java/org/dukecon/server/javaland/JavalandDataExtractor.groovy
Dirk Mahler,1,impl/src/main/java/org/dukecon/server/javaland/JavalandDataExtractor.groovy
Falk Sippach,2,impl/src/main/java/org/dukecon/server/javaland/JavalandDataProvider.groovy
Gerd Aschemann,2,impl/src/main/java/org/dukecon/server/javaland/JavalandDataProvider.groovy
annam002,2,impl/src/main/java/org/dukecon/server/javaland/JavalandDataProvider.groovy
Dirk Mahler,1,impl/src/main/java/org/dukecon/server/javaland/JavalandDataProvider.groovy
Falk Sippach,2,impl/src/main/java/org/dukecon/server/javaland/JavalandDataProviderHealthIndicator.groovy
Gerd Aschemann,2,impl/src/main/java/org/dukecon/server/javaland/JavalandDataProviderHealthIndicator.groovy
annam002,2,impl/src/main/java/org/dukecon/server/javaland/JavalandDataProviderHealthIndicator.groovy
Gerd Aschemann,4,impl/src/main/java/org/dukecon/server/javaland/JavalandDataRemote.groovy
annam002,2,impl/src/main/java/org/dukecon/server/javaland/JavalandDataRemote.groovy
Falk Sippach,2,impl/src/main/java/org/dukecon/server/javaland/JavalandDataRemote.groovy
Dirk Mahler,1,impl/src/main/java/org/dukecon/server/javaland/JavalandDataRemote.groovy
Falk Sippach,3,impl/src/main/java/org/dukecon/server/model/Filters.groovy
Falk Sippach,2,impl/src/main/java/org/dukecon/server/model/Preference.groovy
Gerd Aschemann,2,impl/src/main/java/org/dukecon/server/model/Preference.groovy
Falk Sippach,1,impl/src/main/java/org/dukecon/server/preferences/AbstractPreferencesService.groovy
Falk Sippach,1,impl/src/main/java/org/dukecon/server/preferences/NoAuthPreferencesServices.groovy
Falk Sippach,1,impl/src/main/java/org/dukecon/server/preferences/Preference.groovy
Falk Sippach,1,impl/src/main/java/org/dukecon/server/preferences/PreferencesRepository.groovy
Falk Sippach,1,impl/src/main/java/org/dukecon/server/preferences/PreferencesService.groovy
Falk Sippach,1,impl/src/main/java/org/dukecon/server/repository/FiltersRepository.groovy
Gerd Aschemann,1,impl/src/main/java/org/dukecon/server/security/AuthenticationFilter.groovy
Gerd Aschemann,3,impl/src/main/java/org/dukecon/server/security/KeycloakAuthentication.groovy
Christofer Dutz,1,impl/src/main/java/org/dukecon/server/security/KeycloakAuthentication.groovy
Dirk Mahler,1,impl/src/main/java/org/dukecon/server/security/KeycloakAuthentication.groovy
Falk Sippach,1,impl/src/main/java/org/dukecon/server/security/KeycloakAuthentication.groovy
Gerd Aschemann,3,impl/src/main/java/org/dukecon/server/security/KeycloakConfigService.groovy
Falk Sippach,1,impl/src/main/java/org/dukecon/server/security/KeycloakConfigService.groovy
Alexander Schwartz,1,impl/src/main/java/org/dukecon/server/security/KeycloakConfigService.groovy
Dirk Mahler,1,impl/src/main/java/org/dukecon/server/security/KeycloakConfigService.groovy
Falk Sippach,6,impl/src/main/java/org/dukecon/server/service/AbstractPreferencesService.groovy
Christofer Dutz,5,impl/src/main/java/org/dukecon/server/service/AbstractPreferencesService.groovy
Gerd Aschemann,2,impl/src/main/java/org/dukecon/server/service/AbstractPreferencesService.groovy
Falk Sippach,3,impl/src/main/java/org/dukecon/server/service/ConferenceDetailResource.groovy
Falk Sippach,10,impl/src/main/java/org/dukecon/server/service/ConferenceService.groovy
Falk Sippach,4,impl/src/main/java/org/dukecon/server/service/ConferencesResource.groovy
Falk Sippach,5,impl/src/main/java/org/dukecon/server/service/FiltersService.groovy
Gerd Aschemann,2,impl/src/main/java/org/dukecon/server/service/KeycloakConfigService.groovy
Christofer Dutz,1,impl/src/main/java/org/dukecon/server/service/KeycloakConfigService.groovy
Falk Sippach,1,impl/src/main/java/org/dukecon/server/service/KeycloakConfigService.groovy
Falk Sippach,9,impl/src/main/java/org/dukecon/server/service/MetaService.java
Niko Köbler,1,impl/src/main/java/org/dukecon/server/service/MetaService.java
Christofer Dutz,1,impl/src/main/java/org/dukecon/server/service/MetaService.java
Niko Köbler,1,impl/src/main/java/org/dukecon/server/service/MetaService.java
Gerd Aschemann,1,impl/src/main/java/org/dukecon/server/service/MetaService.java
Gerd Aschemann,2,impl/src/main/java/org/dukecon/server/service/NoAuthPreferencesServices.groovy
Gerd Aschemann,5,impl/src/main/java/org/dukecon/server/service/PreferencesService.groovy
Falk Sippach,12,impl/src/main/java/org/dukecon/server/service/TalkService.java
Gerd Aschemann,2,impl/src/main/java/org/dukecon/server/service/TalkService.java
Niko Köbler,2,impl/src/main/java/org/dukecon/server/service/TalkService.java
Alexander Schwartz,1,impl/src/main/java/org/dukecon/server/service/TalkService.java
Christofer Dutz,11,impl/src/main/java/org/dukecon/server/services/ConferenceServiceImpl.java
Falk Sippach,4,impl/src/main/java/org/dukecon/server/services/ConferenceServiceImpl.java
Gerd Aschemann,3,impl/src/main/java/org/dukecon/server/services/ConferenceServiceImpl.java
Dirk Mahler,1,impl/src/main/java/org/dukecon/server/services/ConferenceServiceImpl.java
Christofer Dutz,7,impl/src/main/java/org/dukecon/server/services/ResourceServiceImpl.java
Falk Sippach,2,impl/src/main/java/org/dukecon/server/services/ResourceServiceImpl.java
Dirk Mahler,1,impl/src/main/java/org/dukecon/server/services/ResourceServiceImpl.java
Gerd Aschemann,1,impl/src/main/java/org/dukecon/server/services/ResourceServiceImpl.java
Dirk Mahler,1,impl/src/main/java/org/dukecon/server/speaker/SpeakerImageResource.groovy
Falk Sippach,1,impl/src/main/java/org/dukecon/server/speaker/SpeakerImageResource.groovy
Falk Sippach,2,impl/src/main/java/org/dukecon/server/speaker/SpeakerImageService.groovy
Dirk Mahler,1,impl/src/main/java/org/dukecon/server/speaker/SpeakerImageService.groovy
Christofer Dutz,1,impl/src/main/java/org/dukecon/server/speaker/SpeakerImageService.groovy
Christofer Dutz,2,impl/src/main/java/org/dukecon/server/utils/LocalDateTimePropertyProxy.java
Christofer Dutz,1,impl/src/main/webapp/public/img/499959/conference/logo.png
Gerd Aschemann,1,impl/src/main/webapp/public/img/499959/languages/1.png
Christofer Dutz,1,impl/src/main/webapp/public/img/499959/languages/1.png
Christofer Dutz,1,impl/src/main/webapp/public/img/499959/languages/2.png
Gerd Aschemann,1,impl/src/main/webapp/public/img/499959/languages/2.png
Christofer Dutz,1,impl/src/main/webapp/public/img/499959/languages/3.png
Gerd Aschemann,1,impl/src/main/webapp/public/img/499959/languages/3.png
Christofer Dutz,1,impl/src/main/webapp/public/img/499959/streams/1.jpg
Gerd Aschemann,1,impl/src/main/webapp/public/img/499959/streams/1.jpg
Christofer Dutz,1,impl/src/main/webapp/public/img/499959/streams/2.jpg
Gerd Aschemann,1,impl/src/main/webapp/public/img/499959/streams/2.jpg
Gerd Aschemann,1,impl/src/main/webapp/public/img/499959/streams/3.jpg
Christofer Dutz,1,impl/src/main/webapp/public/img/499959/streams/3.jpg
Christofer Dutz,1,impl/src/main/webapp/public/img/499959/streams/4.jpg
Gerd Aschemann,1,impl/src/main/webapp/public/img/499959/streams/4.jpg
Christofer Dutz,1,impl/src/main/webapp/public/img/499959/streams/5.jpg
Gerd Aschemann,1,impl/src/main/webapp/public/img/499959/streams/5.jpg
Gerd Aschemann,1,impl/src/main/webapp/public/img/499959/streams/6.jpg
Christofer Dutz,1,impl/src/main/webapp/public/img/499959/streams/6.jpg
Gerd Aschemann,1,impl/src/main/webapp/public/img/499959/streams/7.jpg
Christofer Dutz,1,impl/src/main/webapp/public/img/499959/streams/7.jpg
Christofer Dutz,1,impl/src/main/webapp/public/img/499959/streams/8.jpg
Gerd Aschemann,1,impl/src/main/webapp/public/img/499959/streams/8.jpg
Christofer Dutz,1,impl/src/main/webapp/public/img/499959/streams/9.jpg
Gerd Aschemann,1,impl/src/main/webapp/public/img/499959/streams/9.jpg
Christofer Dutz,1,impl/src/main/webapp/public/img/apacheconeu2016/conference/logo.png
Dirk Mahler,1,impl/src/main/webapp/public/img/apacheconeu2016/conference/logo.png
Christofer Dutz,1,impl/src/main/webapp/public/img/jl2016/conference/logo.png
Dirk Mahler,1,impl/src/main/webapp/public/img/jl2016/conference/logo.png
Christofer Dutz,1,impl/src/main/webapp/public/img/jl2016/languages/1.png
Dirk Mahler,1,impl/src/main/webapp/public/img/jl2016/languages/1.png
Dirk Mahler,1,impl/src/main/webapp/public/img/jl2016/languages/2.png
Christofer Dutz,1,impl/src/main/webapp/public/img/jl2016/languages/2.png
Christofer Dutz,1,impl/src/main/webapp/public/img/jl2016/languages/3.png
Dirk Mahler,1,impl/src/main/webapp/public/img/jl2016/languages/3.png
Christofer Dutz,1,impl/src/main/webapp/public/img/jl2016/streams/1.jpg
Dirk Mahler,1,impl/src/main/webapp/public/img/jl2016/streams/1.jpg
Christofer Dutz,1,impl/src/main/webapp/public/img/jl2016/streams/2.jpg
Dirk Mahler,1,impl/src/main/webapp/public/img/jl2016/streams/2.jpg
Christofer Dutz,1,impl/src/main/webapp/public/img/jl2016/streams/3.jpg
Dirk Mahler,1,impl/src/main/webapp/public/img/jl2016/streams/3.jpg
Christofer Dutz,1,impl/src/main/webapp/public/img/jl2016/streams/4.jpg
Dirk Mahler,1,impl/src/main/webapp/public/img/jl2016/streams/4.jpg
Christofer Dutz,1,impl/src/main/webapp/public/img/jl2016/streams/5.jpg
Dirk Mahler,1,impl/src/main/webapp/public/img/jl2016/streams/5.jpg
Christofer Dutz,1,impl/src/main/webapp/public/img/jl2016/streams/6.jpg
Dirk Mahler,1,impl/src/main/webapp/public/img/jl2016/streams/6.jpg
Christofer Dutz,1,impl/src/main/webapp/public/img/jl2016/streams/7.jpg
Dirk Mahler,1,impl/src/main/webapp/public/img/jl2016/streams/7.jpg
Christofer Dutz,1,impl/src/main/webapp/public/img/jl2016/streams/8.jpg
Dirk Mahler,1,impl/src/main/webapp/public/img/jl2016/streams/8.jpg
Christofer Dutz,1,impl/src/main/webapp/public/img/jl2016/streams/9.jpg
Dirk Mahler,1,impl/src/main/webapp/public/img/jl2016/streams/9.jpg
Christofer Dutz,1,impl/src/main/webapp/public/img/jl2017/conference/logo.png
Dirk Mahler,1,impl/src/main/webapp/public/img/jl2017/conference/logo.png
Christofer Dutz,1,impl/src/main/webapp/public/img/jl2017/languages/1.png
Dirk Mahler,1,impl/src/main/webapp/public/img/jl2017/languages/1.png
Christofer Dutz,1,impl/src/main/webapp/public/img/jl2017/languages/2.png
Dirk Mahler,1,impl/src/main/webapp/public/img/jl2017/languages/2.png
Christofer Dutz,1,impl/src/main/webapp/public/img/jl2017/languages/3.png
Dirk Mahler,1,impl/src/main/webapp/public/img/jl2017/languages/3.png
Christofer Dutz,1,impl/src/main/webapp/public/img/jl2017/streams/1.jpg
Dirk Mahler,1,impl/src/main/webapp/public/img/jl2017/streams/1.jpg
Christofer Dutz,1,impl/src/main/webapp/public/img/jl2017/streams/2.jpg
Dirk Mahler,1,impl/src/main/webapp/public/img/jl2017/streams/2.jpg
Christofer Dutz,1,impl/src/main/webapp/public/img/jl2017/streams/3.jpg
Dirk Mahler,1,impl/src/main/webapp/public/img/jl2017/streams/3.jpg
Christofer Dutz,1,impl/src/main/webapp/public/img/jl2017/streams/4.jpg
Dirk Mahler,1,impl/src/main/webapp/public/img/jl2017/streams/4.jpg
Christofer Dutz,1,impl/src/main/webapp/public/img/jl2017/streams/5.jpg
Dirk Mahler,1,impl/src/main/webapp/public/img/jl2017/streams/5.jpg
Christofer Dutz,1,impl/src/main/webapp/public/img/jl2017/streams/6.jpg
Dirk Mahler,1,impl/src/main/webapp/public/img/jl2017/streams/6.jpg
Christofer Dutz,1,impl/src/main/webapp/public/img/jl2017/streams/7.jpg
Dirk Mahler,1,impl/src/main/webapp/public/img/jl2017/streams/7.jpg
Dirk Mahler,1,impl/src/main/webapp/public/img/jl2017/streams/8.jpg
Christofer Dutz,1,impl/src/main/webapp/public/img/jl2017/streams/8.jpg
Christofer Dutz,1,impl/src/main/webapp/public/img/jl2017/streams/9.jpg
Dirk Mahler,1,impl/src/main/webapp/public/img/jl2017/streams/9.jpg
Falk Sippach,27,impl/src/test/java/org/dukecon/server/business/JavalandDataExtractorSpec.groovy
Falk Sippach,17,impl/src/test/java/org/dukecon/server/business/JavalandDataProviderSpec.groovy
Falk Sippach,10,impl/src/test/java/org/dukecon/server/business/MetaDataExtractorSpec.groovy
Falk Sippach,5,impl/src/test/java/org/dukecon/server/business/MetaDataLookupSpec.groovy
Falk Sippach,3,impl/src/test/java/org/dukecon/server/business/PreferencesRepositorySpec.groovy
Gerd Aschemann,1,impl/src/test/java/org/dukecon/server/business/PreferencesRepositorySpec.groovy
Falk Sippach,2,impl/src/test/java/org/dukecon/server/business/SliceEventHelperSpec.groovy
Falk Sippach,7,impl/src/test/java/org/dukecon/server/business/TalkProviderIntegrationSpec.groovy
Alexander Schwartz,1,impl/src/test/java/org/dukecon/server/business/TalkProviderIntegrationSpec.groovy
Gerd Aschemann,1,impl/src/test/java/org/dukecon/server/business/TalkProviderIntegrationSpec.groovy
Falk Sippach,16,impl/src/test/java/org/dukecon/server/business/TalkProviderSpec.groovy
Alexander Schwartz,1,impl/src/test/java/org/dukecon/server/business/TalkProviderSpec.groovy
Gerd Aschemann,1,impl/src/test/java/org/dukecon/server/business/TalkProviderSpec.groovy
Dirk Mahler,1,impl/src/test/java/org/dukecon/server/conference/AbstractDukeConSpec.groovy
Falk Sippach,1,impl/src/test/java/org/dukecon/server/conference/AbstractDukeConSpec.groovy
Falk Sippach,3,impl/src/test/java/org/dukecon/server/conference/ConferencesConfigurationServiceSpec.groovy
Dirk Mahler,1,impl/src/test/java/org/dukecon/server/conference/ConferencesConfigurationServiceSpec.groovy
Falk Sippach,2,impl/src/test/java/org/dukecon/server/conference/EventProviderSpec.groovy
Alexander Schwartz,2,impl/src/test/java/org/dukecon/server/conference/EventProviderSpec.groovy
Gerd Aschemann,2,impl/src/test/java/org/dukecon/server/conference/EventProviderSpec.groovy
annam002,2,impl/src/test/java/org/dukecon/server/conference/EventProviderSpec.groovy
Dirk Mahler,1,impl/src/test/java/org/dukecon/server/conference/EventProviderSpec.groovy
Alexander Schwartz,2,impl/src/test/java/org/dukecon/server/conference/JavalandDataExtractorSpec.groovy
Gerd Aschemann,2,impl/src/test/java/org/dukecon/server/conference/JavalandDataExtractorSpec.groovy
Falk Sippach,1,impl/src/test/java/org/dukecon/server/conference/JavalandDataExtractorSpec.groovy
Alexander Schwartz,3,impl/src/test/java/org/dukecon/server/conference/JavalandDataProviderHealthIndicatorSpec.groovy
Gerd Aschemann,2,impl/src/test/java/org/dukecon/server/conference/JavalandDataProviderHealthIndicatorSpec.groovy
Falk Sippach,1,impl/src/test/java/org/dukecon/server/conference/JavalandDataProviderHealthIndicatorSpec.groovy
Alexander Schwartz,3,impl/src/test/java/org/dukecon/server/conference/JavalandDataProviderSpec.groovy
Falk Sippach,2,impl/src/test/java/org/dukecon/server/conference/JavalandDataProviderSpec.groovy
Gerd Aschemann,2,impl/src/test/java/org/dukecon/server/conference/JavalandDataProviderSpec.groovy
Falk Sippach,1,impl/src/test/java/org/dukecon/server/conference/JavalandDataRemoteSpec.groovy
Alexander Schwartz,1,impl/src/test/java/org/dukecon/server/conference/JavalandDataRemoteSpec.groovy
Gerd Aschemann,1,impl/src/test/java/org/dukecon/server/conference/JavalandDataRemoteSpec.groovy
Christofer Dutz,2,impl/src/test/java/org/dukecon/server/conference/SliceEventHelperSpec.groovy
Falk Sippach,2,impl/src/test/java/org/dukecon/server/conference/SliceEventHelperSpec.groovy
Dirk Mahler,1,impl/src/test/java/org/dukecon/server/conference/SliceEventHelperSpec.groovy
Alexander Schwartz,1,impl/src/test/java/org/dukecon/server/conference/SliceEventHelperSpec.groovy
Gerd Aschemann,1,impl/src/test/java/org/dukecon/server/conference/SliceEventHelperSpec.groovy
Falk Sippach,6,impl/src/test/java/org/dukecon/server/favorite/FavoritesRepositorySpec.groovy
Gerd Aschemann,2,impl/src/test/java/org/dukecon/server/favorite/FavoritesRepositorySpec.groovy
Alexander Schwartz,1,impl/src/test/java/org/dukecon/server/favorite/FavoritesRepositorySpec.groovy
Dirk Mahler,1,impl/src/test/java/org/dukecon/server/favorite/FavoritesRepositorySpec.groovy
Falk Sippach,2,impl/src/test/java/org/dukecon/server/favorite/FavoritesServiceSpec.groovy
Gerd Aschemann,2,impl/src/test/java/org/dukecon/server/favorite/FavoritesServiceSpec.groovy
Dirk Mahler,1,impl/src/test/java/org/dukecon/server/favorite/FavoritesServiceSpec.groovy
Alexander Schwartz,1,impl/src/test/java/org/dukecon/server/favorite/FavoritesServiceSpec.groovy
Falk Sippach,3,impl/src/test/java/org/dukecon/server/filter/FiltersRepositorySpec.groovy
Gerd Aschemann,2,impl/src/test/java/org/dukecon/server/filter/FiltersRepositorySpec.groovy
Dirk Mahler,1,impl/src/test/java/org/dukecon/server/filter/FiltersRepositorySpec.groovy
Alexander Schwartz,1,impl/src/test/java/org/dukecon/server/filter/FiltersRepositorySpec.groovy
Dirk Mahler,1,impl/src/test/java/org/dukecon/server/filter/FiltersServiceSpec.groovy
Falk Sippach,1,impl/src/test/java/org/dukecon/server/filter/FiltersServiceSpec.groovy
Christofer Dutz,1,impl/src/test/java/org/dukecon/server/gui/AbstractPageIT.java
Dirk Mahler,1,impl/src/test/java/org/dukecon/server/gui/AbstractPageIT.java
Gerd Aschemann,1,impl/src/test/java/org/dukecon/server/gui/AbstractPageIT.java
Alexander Schwartz,2,impl/src/test/java/org/dukecon/server/gui/AbstractPageTest.java
Gerd Aschemann,2,impl/src/test/java/org/dukecon/server/gui/AbstractPageTest.java
Falk Sippach,1,impl/src/test/java/org/dukecon/server/gui/AbstractPageTest.java
Christofer Dutz,1,impl/src/test/java/org/dukecon/server/gui/DetailPageIT.java
Dirk Mahler,1,impl/src/test/java/org/dukecon/server/gui/DetailPageIT.java
Falk Sippach,1,impl/src/test/java/org/dukecon/server/gui/DetailPageIT.java
Gerd Aschemann,1,impl/src/test/java/org/dukecon/server/gui/DetailPageIT.java
Gerd Aschemann,4,impl/src/test/java/org/dukecon/server/gui/DetailPageTest.java
Alexander Schwartz,2,impl/src/test/java/org/dukecon/server/gui/DetailPageTest.java
Falk Sippach,1,impl/src/test/java/org/dukecon/server/gui/DetailPageTest.java
Christofer Dutz,1,impl/src/test/java/org/dukecon/server/gui/KeycloakLoginIT.java
Dirk Mahler,1,impl/src/test/java/org/dukecon/server/gui/KeycloakLoginIT.java
Falk Sippach,1,impl/src/test/java/org/dukecon/server/gui/KeycloakLoginIT.java
Gerd Aschemann,1,impl/src/test/java/org/dukecon/server/gui/KeycloakLoginIT.java
Gerd Aschemann,1,impl/src/test/java/org/dukecon/server/gui/KeycloakLoginTest.java
Alexander Schwartz,1,impl/src/test/java/org/dukecon/server/gui/KeycloakLoginTest.java
Falk Sippach,1,impl/src/test/java/org/dukecon/server/gui/KeycloakLoginTest.java
Gerd Aschemann,1,impl/src/test/java/org/dukecon/server/gui/StartPageIT.java
Christofer Dutz,1,impl/src/test/java/org/dukecon/server/gui/StartPageIT.java
Dirk Mahler,1,impl/src/test/java/org/dukecon/server/gui/StartPageIT.java
Falk Sippach,1,impl/src/test/java/org/dukecon/server/gui/StartPageIT.java
Gerd Aschemann,5,impl/src/test/java/org/dukecon/server/gui/StartPageTest.java
Alexander Schwartz,4,impl/src/test/java/org/dukecon/server/gui/StartPageTest.java
Falk Sippach,1,impl/src/test/java/org/dukecon/server/gui/StartPageTest.java
Gerd Aschemann,2,impl/src/test/java/org/dukecon/server/gui/package-info.java
Alexander Schwartz,2,impl/src/test/java/org/dukecon/server/gui/package-info.java
Falk Sippach,1,impl/src/test/java/org/dukecon/server/gui/package-info.java
Falk Sippach,5,impl/src/test/java/org/dukecon/server/herbstcampus/HerbstcampusDataExtractorSpec.groovy
Gerd Aschemann,2,impl/src/test/java/org/dukecon/server/javaland/JavalandDataExtractorSpec.groovy
annam002,2,impl/src/test/java/org/dukecon/server/javaland/JavalandDataExtractorSpec.groovy
Christofer Dutz,1,impl/src/test/java/org/dukecon/server/javaland/JavalandDataExtractorSpec.groovy
Gerd Aschemann,3,impl/src/test/java/org/dukecon/server/javaland/JavalandDataProviderHealthIndicatorSpec.groovy
annam002,2,impl/src/test/java/org/dukecon/server/javaland/JavalandDataProviderHealthIndicatorSpec.groovy
Falk Sippach,1,impl/src/test/java/org/dukecon/server/javaland/JavalandDataProviderHealthIndicatorSpec.groovy
Gerd Aschemann,2,impl/src/test/java/org/dukecon/server/javaland/JavalandDataRemoteSpec.groovy
annam002,2,impl/src/test/java/org/dukecon/server/javaland/JavalandDataRemoteSpec.groovy
Christofer Dutz,1,impl/src/test/java/org/dukecon/server/javaland/JavalandDataRemoteSpec.groovy
Dirk Mahler,1,impl/src/test/java/org/dukecon/server/javaland/JavalandDataRemoteSpec.groovy
Falk Sippach,2,impl/src/test/java/org/dukecon/server/repository/FiltersRepositorySpec.groovy
Falk Sippach,7,impl/src/test/java/org/dukecon/server/service/PreferencesServiceSpec.groovy
Gerd Aschemann,3,impl/src/test/java/org/dukecon/server/service/PreferencesServiceSpec.groovy
Gerd Aschemann,2,impl/src/test/java/org/jboss/arquillian/junit/ArquillianClassRule.java
Alexander Schwartz,2,impl/src/test/java/org/jboss/arquillian/junit/ArquillianClassRule.java
Falk Sippach,1,impl/src/test/java/org/jboss/arquillian/junit/ArquillianClassRule.java
Alexander Schwartz,2,impl/src/test/java/org/jboss/arquillian/junit/ArquillianRule.java
Gerd Aschemann,2,impl/src/test/java/org/jboss/arquillian/junit/ArquillianRule.java
Falk Sippach,1,impl/src/test/java/org/jboss/arquillian/junit/ArquillianRule.java
Alexander Schwartz,2,impl/src/test/java/org/jboss/arquillian/junit/package-info.java
Gerd Aschemann,2,impl/src/test/java/org/jboss/arquillian/junit/package-info.java
Falk Sippach,1,impl/src/test/java/org/jboss/arquillian/junit/package-info.java
Falk Sippach,23,impl/src/main/java/org/dukecon/server/adapter/doag/DoagDataExtractor.groovy
Gerd Aschemann,4,impl/src/main/java/org/dukecon/server/adapter/doag/DoagDataExtractor.groovy
Dirk Mahler,1,impl/src/main/java/org/dukecon/server/adapter/doag/DoagDataExtractor.groovy
Falk Sippach,6,impl/src/main/java/org/dukecon/server/adapter/doag/DoagJsonMapper.groovy
Dirk Mahler,1,impl/src/main/java/org/dukecon/server/adapter/doag/DoagJsonMapper.groovy
Falk Sippach,6,impl/src/main/java/org/dukecon/server/adapter/doag/DoagSingleSpeakerMapper.groovy
Christofer Dutz,1,impl/src/main/java/org/dukecon/server/adapter/doag/DoagSingleSpeakerMapper.groovy
Dirk Mahler,1,impl/src/main/java/org/dukecon/server/adapter/doag/DoagSingleSpeakerMapper.groovy
Falk Sippach,2,impl/src/main/java/org/dukecon/server/adapter/doag/DoagSpeakerImageService.groovy
Falk Sippach,6,impl/src/main/java/org/dukecon/server/adapter/doag/DoagSpeakersMapper.groovy
Dirk Mahler,1,impl/src/main/java/org/dukecon/server/adapter/doag/DoagSpeakersMapper.groovy
Falk Sippach,1,impl/src/main/java/org/dukecon/server/adapter/heise/HeiseAbstractEntityMapper.groovy
Gerd Aschemann,1,impl/src/main/java/org/dukecon/server/adapter/heise/HeiseAbstractEntityMapper.groovy
Dirk Mahler,1,impl/src/main/java/org/dukecon/server/adapter/heise/HeiseAbstractEntityMapper.groovy
Dirk Mahler,1,impl/src/main/java/org/dukecon/server/adapter/heise/HeiseAudienceMapper.groovy
Falk Sippach,1,impl/src/main/java/org/dukecon/server/adapter/heise/HeiseAudienceMapper.groovy
Gerd Aschemann,1,impl/src/main/java/org/dukecon/server/adapter/heise/HeiseAudienceMapper.groovy
Falk Sippach,6,impl/src/main/java/org/dukecon/server/adapter/heise/HeiseCsvInput.groovy
Gerd Aschemann,1,impl/src/main/java/org/dukecon/server/adapter/heise/HeiseCsvInput.groovy
Dirk Mahler,1,impl/src/main/java/org/dukecon/server/adapter/heise/HeiseCsvInput.groovy
Falk Sippach,5,impl/src/main/java/org/dukecon/server/adapter/heise/HeiseDataExtractor.groovy
Gerd Aschemann,1,impl/src/main/java/org/dukecon/server/adapter/heise/HeiseDataExtractor.groovy
Dirk Mahler,1,impl/src/main/java/org/dukecon/server/adapter/heise/HeiseDataExtractor.groovy
Falk Sippach,2,impl/src/main/java/org/dukecon/server/adapter/heise/HeiseDataProvider.groovy
Dirk Mahler,1,impl/src/main/java/org/dukecon/server/adapter/heise/HeiseDataProvider.groovy
Gerd Aschemann,1,impl/src/main/java/org/dukecon/server/adapter/heise/HeiseDataProvider.groovy
Dirk Mahler,1,impl/src/main/java/org/dukecon/server/adapter/heise/HeiseEventMapper.groovy
Falk Sippach,1,impl/src/main/java/org/dukecon/server/adapter/heise/HeiseEventMapper.groovy
Gerd Aschemann,1,impl/src/main/java/org/dukecon/server/adapter/heise/HeiseEventMapper.groovy
Dirk Mahler,1,impl/src/main/java/org/dukecon/server/adapter/heise/HeiseEventTypeMapper.groovy
Falk Sippach,1,impl/src/main/java/org/dukecon/server/adapter/heise/HeiseEventTypeMapper.groovy
Gerd Aschemann,1,impl/src/main/java/org/dukecon/server/adapter/heise/HeiseEventTypeMapper.groovy
Gerd Aschemann,1,impl/src/main/java/org/dukecon/server/adapter/heise/HeiseLanguageMapper.groovy
Dirk Mahler,1,impl/src/main/java/org/dukecon/server/adapter/heise/HeiseLanguageMapper.groovy
Falk Sippach,1,impl/src/main/java/org/dukecon/server/adapter/heise/HeiseLanguageMapper.groovy
Falk Sippach,1,impl/src/main/java/org/dukecon/server/adapter/heise/HeiseLocationMapper.groovy
Gerd Aschemann,1,impl/src/main/java/org/dukecon/server/adapter/heise/HeiseLocationMapper.groovy
Dirk Mahler,1,impl/src/main/java/org/dukecon/server/adapter/heise/HeiseLocationMapper.groovy
Dirk Mahler,1,impl/src/main/java/org/dukecon/server/adapter/heise/HeiseMetaDataMapper.groovy
Falk Sippach,1,impl/src/main/java/org/dukecon/server/adapter/heise/HeiseMetaDataMapper.groovy
Gerd Aschemann,1,impl/src/main/java/org/dukecon/server/adapter/heise/HeiseMetaDataMapper.groovy
Falk Sippach,3,impl/src/main/java/org/dukecon/server/adapter/heise/HeiseSpeakerMapper.groovy
Dirk Mahler,1,impl/src/main/java/org/dukecon/server/adapter/heise/HeiseSpeakerMapper.groovy
Gerd Aschemann,1,impl/src/main/java/org/dukecon/server/adapter/heise/HeiseSpeakerMapper.groovy
Falk Sippach,1,impl/src/main/java/org/dukecon/server/adapter/heise/HeiseStreamMapper.groovy
Gerd Aschemann,1,impl/src/main/java/org/dukecon/server/adapter/heise/HeiseStreamMapper.groovy
Dirk Mahler,1,impl/src/main/java/org/dukecon/server/adapter/heise/HeiseStreamMapper.groovy
Falk Sippach,4,impl/src/main/java/org/dukecon/server/adapter/sched/SchedDataExtractor.groovy
Christofer Dutz,2,impl/src/main/java/org/dukecon/server/adapter/sched/SchedDataExtractor.groovy
Dirk Mahler,1,impl/src/main/java/org/dukecon/server/adapter/sched/SchedDataExtractor.groovy
Gerd Aschemann,1,impl/src/main/java/org/dukecon/server/adapter/sched/SchedDataExtractor.groovy
Christofer Dutz,4,impl/src/main/java/org/dukecon/server/adapter/sched/SchedDataProvider.groovy
Falk Sippach,3,impl/src/main/java/org/dukecon/server/adapter/sched/SchedDataProvider.groovy
Gerd Aschemann,2,impl/src/main/java/org/dukecon/server/adapter/sched/SchedDataProvider.groovy
Dirk Mahler,1,impl/src/main/java/org/dukecon/server/adapter/sched/SchedDataProvider.groovy
Christofer Dutz,2,impl/src/main/java/org/dukecon/server/adapter/sched/SchedDataProviderHealthIndicator.groovy
Gerd Aschemann,2,impl/src/main/java/org/dukecon/server/adapter/sched/SchedDataProviderHealthIndicator.groovy
Dirk Mahler,1,impl/src/main/java/org/dukecon/server/adapter/sched/SchedDataProviderHealthIndicator.groovy
Falk Sippach,1,impl/src/main/java/org/dukecon/server/adapter/sched/SchedDataProviderHealthIndicator.groovy
Christofer Dutz,2,impl/src/main/java/org/dukecon/server/adapter/sched/SchedDataRemote.groovy
Falk Sippach,2,impl/src/main/java/org/dukecon/server/adapter/sched/SchedDataRemote.groovy
Gerd Aschemann,2,impl/src/main/java/org/dukecon/server/adapter/sched/SchedDataRemote.groovy
Dirk Mahler,1,impl/src/main/java/org/dukecon/server/adapter/sched/SchedDataRemote.groovy
Falk Sippach,5,impl/src/main/java/org/dukecon/server/adapter/sched/SchedJsonMapper.groovy
Dirk Mahler,1,impl/src/main/java/org/dukecon/server/adapter/sched/SchedJsonMapper.groovy
Niko Köbler,1,impl/src/main/java/org/dukecon/server/impl/resource/MetaImpl.groovy
Falk Sippach,1,impl/src/main/java/org/dukecon/server/impl/resource/MetaImpl.groovy
Gerd Aschemann,1,impl/src/main/java/org/dukecon/server/impl/resource/MetaImpl.groovy
Christofer Dutz,1,impl/src/main/java/org/dukecon/server/utils/amf/Amf0Output.java
Dirk Mahler,1,impl/src/main/java/org/dukecon/server/utils/amf/Amf0Output.java
Christofer Dutz,1,impl/src/main/java/org/dukecon/server/utils/amf/Amf3Output.java
Dirk Mahler,1,impl/src/main/java/org/dukecon/server/utils/amf/Amf3Output.java
Christofer Dutz,1,impl/src/main/java/org/dukecon/server/utils/amf/AmfEndpoint.java
Dirk Mahler,1,impl/src/main/java/org/dukecon/server/utils/amf/AmfEndpoint.java
Christofer Dutz,1,impl/src/main/java/org/dukecon/server/utils/amf/FlexASTranslator.java
Dirk Mahler,1,impl/src/main/java/org/dukecon/server/utils/amf/FlexASTranslator.java
Christofer Dutz,1,impl/src/main/java/org/dukecon/server/utils/amf/Serializer.java
Dirk Mahler,1,impl/src/main/java/org/dukecon/server/utils/amf/Serializer.java
Falk Sippach,4,impl/src/test/java/org/dukecon/server/conference/adpater/ConferencesConfigurationTests.groovy
Dirk Mahler,1,impl/src/test/java/org/dukecon/server/conference/adpater/ConferencesConfigurationTests.groovy
Gerd Aschemann,1,impl/src/test/java/org/dukecon/server/conference/adpater/ConferencesConfigurationTests.groovy
Falk Sippach,2,impl/src/test/java/org/dukecon/server/conference/adpater/MultipleRawDataResourcesTests.groovy
Falk Sippach,2,impl/src/test/java/org/dukecon/server/conference/adpater/RawDataResourcesTests.groovy
Dirk Mahler,1,impl/src/test/java/org/dukecon/server/conference/adpater/RawDataResourcesTests.groovy
Falk Sippach,1,impl/src/test/java/org/dukecon/server/conference/adpater/WebResourceDataProviderHealthIndicatorSpec.groovy
Dirk Mahler,1,impl/src/test/java/org/dukecon/server/conference/adpater/WebResourceDataProviderHealthIndicatorSpec.groovy
Alexander Schwartz,5,impl/src/test/java/org/dukecon/server/gui/page/AbstractPage.java
Gerd Aschemann,2,impl/src/test/java/org/dukecon/server/gui/page/AbstractPage.java
Falk Sippach,1,impl/src/test/java/org/dukecon/server/gui/page/AbstractPage.java
Alexander Schwartz,2,impl/src/test/java/org/dukecon/server/gui/page/DetailsPage.java
Gerd Aschemann,2,impl/src/test/java/org/dukecon/server/gui/page/DetailsPage.java
Falk Sippach,1,impl/src/test/java/org/dukecon/server/gui/page/DetailsPage.java
Gerd Aschemann,1,impl/src/test/java/org/dukecon/server/gui/page/KeycloakLoginPage.java
Falk Sippach,1,impl/src/test/java/org/dukecon/server/gui/page/KeycloakLoginPage.java
Alexander Schwartz,1,impl/src/test/java/org/dukecon/server/gui/page/KeycloakLoginPage.java
Alexander Schwartz,14,impl/src/test/java/org/dukecon/server/gui/page/StartPage.java
Gerd Aschemann,3,impl/src/test/java/org/dukecon/server/gui/page/StartPage.java
Stephanie Peters,1,impl/src/test/java/org/dukecon/server/gui/page/StartPage.java
steffchep,1,impl/src/test/java/org/dukecon/server/gui/page/StartPage.java
Dirk Mahler,1,impl/src/test/java/org/dukecon/server/gui/page/StartPage.java
Falk Sippach,1,impl/src/test/java/org/dukecon/server/gui/page/StartPage.java
Alexander Schwartz,3,impl/src/test/java/org/dukecon/server/gui/stage/AbstractStage.java
Gerd Aschemann,2,impl/src/test/java/org/dukecon/server/gui/stage/AbstractStage.java
Falk Sippach,1,impl/src/test/java/org/dukecon/server/gui/stage/AbstractStage.java
Alexander Schwartz,3,impl/src/test/java/org/dukecon/server/gui/stage/GivenStartPage.java
Gerd Aschemann,2,impl/src/test/java/org/dukecon/server/gui/stage/GivenStartPage.java
Falk Sippach,1,impl/src/test/java/org/dukecon/server/gui/stage/GivenStartPage.java
Alexander Schwartz,2,impl/src/test/java/org/dukecon/server/gui/stage/ThenDetailPage.java
Gerd Aschemann,2,impl/src/test/java/org/dukecon/server/gui/stage/ThenDetailPage.java
Falk Sippach,1,impl/src/test/java/org/dukecon/server/gui/stage/ThenDetailPage.java
Alexander Schwartz,3,impl/src/test/java/org/dukecon/server/gui/stage/ThenStartPage.java
Gerd Aschemann,2,impl/src/test/java/org/dukecon/server/gui/stage/ThenStartPage.java
Falk Sippach,1,impl/src/test/java/org/dukecon/server/gui/stage/ThenStartPage.java
Gerd Aschemann,1,impl/src/test/java/org/dukecon/server/gui/stage/WhenLoginPage.java
Falk Sippach,1,impl/src/test/java/org/dukecon/server/gui/stage/WhenLoginPage.java
Alexander Schwartz,1,impl/src/test/java/org/dukecon/server/gui/stage/WhenLoginPage.java
Alexander Schwartz,3,impl/src/test/java/org/dukecon/server/gui/stage/WhenStartPage.java
Gerd Aschemann,2,impl/src/test/java/org/dukecon/server/gui/stage/WhenStartPage.java
Falk Sippach,1,impl/src/test/java/org/dukecon/server/gui/stage/WhenStartPage.java
Alexander Schwartz,2,impl/src/test/java/org/dukecon/server/gui/tag/DetailPageTag.java
Gerd Aschemann,2,impl/src/test/java/org/dukecon/server/gui/tag/DetailPageTag.java
Falk Sippach,1,impl/src/test/java/org/dukecon/server/gui/tag/DetailPageTag.java
Alexander Schwartz,2,impl/src/test/java/org/dukecon/server/gui/tag/StartPageTag.java
Gerd Aschemann,2,impl/src/test/java/org/dukecon/server/gui/tag/StartPageTag.java
Falk Sippach,1,impl/src/test/java/org/dukecon/server/gui/tag/StartPageTag.java
Gerd Aschemann,2,impl/src/test/java/org/dukecon/server/util/arquillian/ContextExtension.java
Alexander Schwartz,2,impl/src/test/java/org/dukecon/server/util/arquillian/ContextExtension.java
Falk Sippach,1,impl/src/test/java/org/dukecon/server/util/arquillian/ContextExtension.java
Alexander Schwartz,2,impl/src/test/java/org/dukecon/server/util/arquillian/ContextProvider.java
Gerd Aschemann,2,impl/src/test/java/org/dukecon/server/util/arquillian/ContextProvider.java
Falk Sippach,1,impl/src/test/java/org/dukecon/server/util/arquillian/ContextProvider.java
Alexander Schwartz,2,impl/src/test/java/org/dukecon/server/util/arquillian/ContextRule.java
Gerd Aschemann,2,impl/src/test/java/org/dukecon/server/util/arquillian/ContextRule.java
Falk Sippach,1,impl/src/test/java/org/dukecon/server/util/arquillian/ContextRule.java
Alexander Schwartz,2,impl/src/test/java/org/dukecon/server/util/arquillian/ContextUrl.java
Gerd Aschemann,2,impl/src/test/java/org/dukecon/server/util/arquillian/ContextUrl.java
Falk Sippach,1,impl/src/test/java/org/dukecon/server/util/arquillian/ContextUrl.java
Alexander Schwartz,2,impl/src/test/java/org/dukecon/server/util/arquillian/package-info.java
Gerd Aschemann,2,impl/src/test/java/org/dukecon/server/util/arquillian/package-info.java
Falk Sippach,1,impl/src/test/java/org/dukecon/server/util/arquillian/package-info.java
Falk Sippach,12,impl/src/test/java/org/dukecon/server/conference/adpater/doag/DoagDataExtractorSpec.groovy
Gerd Aschemann,1,impl/src/test/java/org/dukecon/server/conference/adpater/doag/DoagDataExtractorSpec.groovy
Dirk Mahler,1,impl/src/test/java/org/dukecon/server/conference/adpater/doag/DoagDataExtractorSpec.groovy
Falk Sippach,5,impl/src/test/java/org/dukecon/server/conference/adpater/doag/DoagJsonMapperSpec.groovy
Dirk Mahler,1,impl/src/test/java/org/dukecon/server/conference/adpater/doag/DoagJsonMapperSpec.groovy
Falk Sippach,2,impl/src/test/java/org/dukecon/server/conference/adpater/doag/DoagSpeakerDataExtractorSpec.groovy
Christofer Dutz,1,impl/src/test/java/org/dukecon/server/conference/adpater/doag/DoagSpeakerDataExtractorSpec.groovy
Falk Sippach,5,impl/src/test/java/org/dukecon/server/conference/adpater/doag/DoagSpeakerMapperSpec.groovy
Christofer Dutz,1,impl/src/test/java/org/dukecon/server/conference/adpater/doag/DoagSpeakerMapperSpec.groovy
Dirk Mahler,1,impl/src/test/java/org/dukecon/server/conference/adpater/doag/DoagSpeakerMapperSpec.groovy
Falk Sippach,4,impl/src/test/java/org/dukecon/server/conference/adpater/doag/SpeakerImageServiceTests.groovy
Dirk Mahler,1,impl/src/test/java/org/dukecon/server/conference/adpater/doag/SpeakerImageServiceTests.groovy
Falk Sippach,2,impl/src/test/java/org/dukecon/server/conference/adpater/heise/HeiseCsvInputSpec.groovy
Dirk Mahler,1,impl/src/test/java/org/dukecon/server/conference/adpater/heise/HeiseCsvInputSpec.groovy
Falk Sippach,4,impl/src/test/java/org/dukecon/server/conference/adpater/heise/HeiseDataExtractorSpec.groovy
Dirk Mahler,1,impl/src/test/java/org/dukecon/server/conference/adpater/heise/HeiseDataExtractorSpec.groovy
Gerd Aschemann,1,impl/src/test/java/org/dukecon/server/conference/adpater/heise/HeiseDataExtractorSpec.groovy