Author,FileType
Alexander Schwartz,adoc
Alexander Schwartz,adoc
Alexander Schwartz,adoc
Alexander Schwartz,adoc
Alexander Schwartz,adoc
Alexander Schwartz,adoc
Alexander Schwartz,bat
Alexander Schwartz,bat
Alexander Schwartz,cmd
Alexander Schwartz,cmd
Alexander Schwartz,csv
Alexander Schwartz,gitattributes
Alexander Schwartz,gitattributes
Alexander Schwartz,gitignore
Alexander Schwartz,gitignore
Alexander Schwartz,gitignore
Alexander Schwartz,gitignore
Alexander Schwartz,gitignore
Alexander Schwartz,groovy
Alexander Schwartz,groovy
Alexander Schwartz,groovy
Alexander Schwartz,groovy
Alexander Schwartz,groovy
Alexander Schwartz,groovy
Alexander Schwartz,groovy
Alexander Schwartz,groovy
Alexander Schwartz,groovy
Alexander Schwartz,groovy
Alexander Schwartz,groovy
Alexander Schwartz,groovy
Alexander Schwartz,groovy
Alexander Schwartz,groovy
Alexander Schwartz,groovy
Alexander Schwartz,groovy
Alexander Schwartz,groovy
Alexander Schwartz,groovy
Alexander Schwartz,groovy
Alexander Schwartz,groovy
Alexander Schwartz,groovy
Alexander Schwartz,groovy
Alexander Schwartz,groovy
Alexander Schwartz,groovy
Alexander Schwartz,groovy
Alexander Schwartz,groovy
Alexander Schwartz,groovy
Alexander Schwartz,groovy
Alexander Schwartz,groovy
Alexander Schwartz,groovy
Alexander Schwartz,groovy
Alexander Schwartz,groovy
Alexander Schwartz,groovy
Alexander Schwartz,groovy
Alexander Schwartz,groovy
Alexander Schwartz,groovy
Alexander Schwartz,groovy
Alexander Schwartz,groovy
Alexander Schwartz,groovy
Alexander Schwartz,groovy
Alexander Schwartz,groovy
Alexander Schwartz,groovy
Alexander Schwartz,groovy
Alexander Schwartz,groovy
Alexander Schwartz,groovy
Alexander Schwartz,groovy
Alexander Schwartz,groovy
Alexander Schwartz,groovy
Alexander Schwartz,groovy
Alexander Schwartz,groovy
Alexander Schwartz,groovy
Alexander Schwartz,groovy
Alexander Schwartz,java
Alexander Schwartz,java
Alexander Schwartz,java
Alexander Schwartz,java
Alexander Schwartz,java
Alexander Schwartz,java
Alexander Schwartz,java
Alexander Schwartz,java
Alexander Schwartz,java
Alexander Schwartz,java
Alexander Schwartz,java
Alexander Schwartz,java
Alexander Schwartz,java
Alexander Schwartz,java
Alexander Schwartz,java
Alexander Schwartz,java
Alexander Schwartz,java
Alexander Schwartz,java
Alexander Schwartz,java
Alexander Schwartz,java
Alexander Schwartz,java
Alexander Schwartz,java
Alexander Schwartz,java
Alexander Schwartz,java
Alexander Schwartz,java
Alexander Schwartz,java
Alexander Schwartz,java
Alexander Schwartz,java
Alexander Schwartz,java
Alexander Schwartz,java
Alexander Schwartz,java
Alexander Schwartz,java
Alexander Schwartz,java
Alexander Schwartz,java
Alexander Schwartz,java
Alexander Schwartz,java
Alexander Schwartz,java
Alexander Schwartz,java
Alexander Schwartz,java
Alexander Schwartz,java
Alexander Schwartz,java
Alexander Schwartz,java
Alexander Schwartz,java
Alexander Schwartz,java
Alexander Schwartz,java
Alexander Schwartz,java
Alexander Schwartz,java
Alexander Schwartz,java
Alexander Schwartz,java
Alexander Schwartz,java
Alexander Schwartz,java
Alexander Schwartz,java
Alexander Schwartz,java
Alexander Schwartz,java
Alexander Schwartz,java
Alexander Schwartz,java
Alexander Schwartz,java
Alexander Schwartz,java
Alexander Schwartz,java
Alexander Schwartz,java
Alexander Schwartz,java
Alexander Schwartz,java
Alexander Schwartz,java
Alexander Schwartz,java
Alexander Schwartz,java
Alexander Schwartz,java
Alexander Schwartz,java
Alexander Schwartz,java
Alexander Schwartz,java
Alexander Schwartz,java
Alexander Schwartz,java
Alexander Schwartz,java
Alexander Schwartz,java
Alexander Schwartz,java
Alexander Schwartz,java
Alexander Schwartz,java
Alexander Schwartz,java
Alexander Schwartz,java
Alexander Schwartz,java
Alexander Schwartz,java
Alexander Schwartz,java
Alexander Schwartz,java
Alexander Schwartz,java
Alexander Schwartz,java
Alexander Schwartz,java
Alexander Schwartz,jboss
Alexander Schwartz,jboss
Alexander Schwartz,json
Alexander Schwartz,md
Alexander Schwartz,md
Alexander Schwartz,md
Alexander Schwartz,md
Alexander Schwartz,md
Alexander Schwartz,properties
Alexander Schwartz,properties
Alexander Schwartz,properties
Alexander Schwartz,properties
Alexander Schwartz,properties
Alexander Schwartz,properties
Alexander Schwartz,properties
Alexander Schwartz,properties
Alexander Schwartz,properties
Alexander Schwartz,properties
Alexander Schwartz,properties
Alexander Schwartz,properties
Alexander Schwartz,properties
Alexander Schwartz,properties
Alexander Schwartz,properties
Alexander Schwartz,raw
Alexander Schwartz,raw
Alexander Schwartz,raw
Alexander Schwartz,raw_community
Alexander Schwartz,sh
Alexander Schwartz,sh
Alexander Schwartz,sh
Alexander Schwartz,sh
Alexander Schwartz,sh
Alexander Schwartz,sh
Alexander Schwartz,sh
Alexander Schwartz,sh
Alexander Schwartz,sql
Alexander Schwartz,travis
Alexander Schwartz,travis
Alexander Schwartz,travis
Alexander Schwartz,travis
Alexander Schwartz,travis
Alexander Schwartz,travis
Alexander Schwartz,xml
Alexander Schwartz,xml
Alexander Schwartz,xml
Alexander Schwartz,xml
Alexander Schwartz,xml
Alexander Schwartz,xml
Alexander Schwartz,xml
Alexander Schwartz,xml
Alexander Schwartz,xml
Alexander Schwartz,xml
Alexander Schwartz,xml
Alexander Schwartz,xml
Alexander Schwartz,xml
Alexander Schwartz,xml
Alexander Schwartz,xml
Alexander Schwartz,xml
Alexander Schwartz,xml
Alexander Schwartz,xml
Alexander Schwartz,xml
Alexander Schwartz,xml
Alexander Schwartz,xml
Alexander Schwartz,xml
Alexander Schwartz,xml
Alexander Schwartz,xml
Alexander Schwartz,xml
Alexander Schwartz,xml
Alexander Schwartz,xml
Alexander Schwartz,xml
Alexander Schwartz,xml
Alexander Schwartz,xml
Alexander Schwartz,xml
"Aschemann, Gerd",groovy
"Aschemann, Gerd",groovy
"Aschemann, Gerd",properties
"Aschemann, Gerd",raw
Christofer Dutz,ftl
Christofer Dutz,ftl
Christofer Dutz,groovy
Christofer Dutz,groovy
Christofer Dutz,groovy
Christofer Dutz,groovy
Christofer Dutz,groovy
Christofer Dutz,groovy
Christofer Dutz,groovy
Christofer Dutz,groovy
Christofer Dutz,groovy
Christofer Dutz,groovy
Christofer Dutz,groovy
Christofer Dutz,groovy
Christofer Dutz,groovy
Christofer Dutz,groovy
Christofer Dutz,groovy
Christofer Dutz,groovy
Christofer Dutz,groovy
Christofer Dutz,groovy
Christofer Dutz,groovy
Christofer Dutz,groovy
Christofer Dutz,groovy
Christofer Dutz,groovy
Christofer Dutz,groovy
Christofer Dutz,groovy
Christofer Dutz,groovy
Christofer Dutz,groovy
Christofer Dutz,groovy
Christofer Dutz,groovy
Christofer Dutz,groovy
Christofer Dutz,groovy
Christofer Dutz,groovy
Christofer Dutz,groovy
Christofer Dutz,groovy
Christofer Dutz,groovy
Christofer Dutz,groovy
Christofer Dutz,groovy
Christofer Dutz,groovy
Christofer Dutz,java
Christofer Dutz,java
Christofer Dutz,java
Christofer Dutz,java
Christofer Dutz,java
Christofer Dutz,java
Christofer Dutz,java
Christofer Dutz,java
Christofer Dutz,java
Christofer Dutz,java
Christofer Dutz,java
Christofer Dutz,java
Christofer Dutz,java
Christofer Dutz,java
Christofer Dutz,java
Christofer Dutz,java
Christofer Dutz,java
Christofer Dutz,java
Christofer Dutz,java
Christofer Dutz,java
Christofer Dutz,java
Christofer Dutz,java
Christofer Dutz,java
Christofer Dutz,java
Christofer Dutz,java
Christofer Dutz,java
Christofer Dutz,java
Christofer Dutz,java
Christofer Dutz,java
Christofer Dutz,java
Christofer Dutz,java
Christofer Dutz,java
Christofer Dutz,java
Christofer Dutz,java
Christofer Dutz,java
Christofer Dutz,java
Christofer Dutz,java
Christofer Dutz,java
Christofer Dutz,java
Christofer Dutz,java
Christofer Dutz,java
Christofer Dutz,java
Christofer Dutz,java
Christofer Dutz,java
Christofer Dutz,java
Christofer Dutz,java
Christofer Dutz,java
Christofer Dutz,java
Christofer Dutz,java
Christofer Dutz,java
Christofer Dutz,java
Christofer Dutz,java
Christofer Dutz,java
Christofer Dutz,java
Christofer Dutz,java
Christofer Dutz,java
Christofer Dutz,java
Christofer Dutz,java
Christofer Dutz,java
Christofer Dutz,java
Christofer Dutz,java
Christofer Dutz,java
Christofer Dutz,java
Christofer Dutz,java
Christofer Dutz,java
Christofer Dutz,java
Christofer Dutz,java
Christofer Dutz,java
Christofer Dutz,java
Christofer Dutz,java
Christofer Dutz,java
Christofer Dutz,java
Christofer Dutz,java
Christofer Dutz,java
Christofer Dutz,java
Christofer Dutz,java
Christofer Dutz,jpg
Christofer Dutz,jpg
Christofer Dutz,jpg
Christofer Dutz,jpg
Christofer Dutz,jpg
Christofer Dutz,jpg
Christofer Dutz,jpg
Christofer Dutz,jpg
Christofer Dutz,jpg
Christofer Dutz,jpg
Christofer Dutz,jpg
Christofer Dutz,jpg
Christofer Dutz,jpg
Christofer Dutz,jpg
Christofer Dutz,jpg
Christofer Dutz,jpg
Christofer Dutz,jpg
Christofer Dutz,jpg
Christofer Dutz,jpg
Christofer Dutz,jpg
Christofer Dutz,jpg
Christofer Dutz,jpg
Christofer Dutz,jpg
Christofer Dutz,jpg
Christofer Dutz,jpg
Christofer Dutz,jpg
Christofer Dutz,jpg
Christofer Dutz,jpg
Christofer Dutz,jpg
Christofer Dutz,jpg
Christofer Dutz,jpg
Christofer Dutz,jpg
Christofer Dutz,jpg
Christofer Dutz,jpg
Christofer Dutz,jpg
Christofer Dutz,jpg
Christofer Dutz,png
Christofer Dutz,png
Christofer Dutz,png
Christofer Dutz,png
Christofer Dutz,png
Christofer Dutz,png
Christofer Dutz,png
Christofer Dutz,png
Christofer Dutz,png
Christofer Dutz,png
Christofer Dutz,png
Christofer Dutz,png
Christofer Dutz,png
Christofer Dutz,png
Christofer Dutz,png
Christofer Dutz,png
Christofer Dutz,properties
Christofer Dutz,properties
Christofer Dutz,properties
Christofer Dutz,properties
Christofer Dutz,properties
Christofer Dutz,xml
Christofer Dutz,xml
Christofer Dutz,xml
Christofer Dutz,xml
Christofer Dutz,xml
Christofer Dutz,xml
Christofer Dutz,xml
Christofer Dutz,xml
Christofer Dutz,xml
Christofer Dutz,xml
Christofer Dutz,xml
Christofer Dutz,xml
Christofer Dutz,xml
Christofer Dutz,xml
Christofer Dutz,xml
Christofer Dutz,xml
Christofer Dutz,xml
Christofer Dutz,xml
Christofer Dutz,xml
Christofer Dutz,xml
Christofer Dutz,xml
Christofer Dutz,xml
Christofer Dutz,xml
Christofer Dutz,xml
Christofer Dutz,xml
Dirk Mahler,adoc
Dirk Mahler,adoc
Dirk Mahler,adoc
Dirk Mahler,adoc
Dirk Mahler,adoc
Dirk Mahler,adoc
Dirk Mahler,adoc
Dirk Mahler,adoc
Dirk Mahler,csv
Dirk Mahler,csv
Dirk Mahler,csv
Dirk Mahler,ftl
Dirk Mahler,gitignore
Dirk Mahler,groovy
Dirk Mahler,groovy
Dirk Mahler,groovy
Dirk Mahler,groovy
Dirk Mahler,groovy
Dirk Mahler,groovy
Dirk Mahler,groovy
Dirk Mahler,groovy
Dirk Mahler,groovy
Dirk Mahler,groovy
Dirk Mahler,groovy
Dirk Mahler,groovy
Dirk Mahler,groovy
Dirk Mahler,groovy
Dirk Mahler,groovy
Dirk Mahler,groovy
Dirk Mahler,groovy
Dirk Mahler,groovy
Dirk Mahler,groovy
Dirk Mahler,groovy
Dirk Mahler,groovy
Dirk Mahler,groovy
Dirk Mahler,groovy
Dirk Mahler,groovy
Dirk Mahler,groovy
Dirk Mahler,groovy
Dirk Mahler,groovy
Dirk Mahler,groovy
Dirk Mahler,groovy
Dirk Mahler,groovy
Dirk Mahler,groovy
Dirk Mahler,groovy
Dirk Mahler,groovy
Dirk Mahler,groovy
Dirk Mahler,groovy
Dirk Mahler,groovy
Dirk Mahler,groovy
Dirk Mahler,groovy
Dirk Mahler,groovy
Dirk Mahler,groovy
Dirk Mahler,groovy
Dirk Mahler,groovy
Dirk Mahler,groovy
Dirk Mahler,groovy
Dirk Mahler,groovy
Dirk Mahler,groovy
Dirk Mahler,groovy
Dirk Mahler,groovy
Dirk Mahler,groovy
Dirk Mahler,groovy
Dirk Mahler,groovy
Dirk Mahler,groovy
Dirk Mahler,groovy
Dirk Mahler,groovy
Dirk Mahler,groovy
Dirk Mahler,groovy
Dirk Mahler,groovy
Dirk Mahler,groovy
Dirk Mahler,groovy
Dirk Mahler,groovy
Dirk Mahler,groovy
Dirk Mahler,groovy
Dirk Mahler,groovy
Dirk Mahler,groovy
Dirk Mahler,groovy
Dirk Mahler,groovy
Dirk Mahler,groovy
Dirk Mahler,groovy
Dirk Mahler,html
Dirk Mahler,html
Dirk Mahler,java
Dirk Mahler,java
Dirk Mahler,java
Dirk Mahler,java
Dirk Mahler,java
Dirk Mahler,java
Dirk Mahler,java
Dirk Mahler,java
Dirk Mahler,java
Dirk Mahler,java
Dirk Mahler,java
Dirk Mahler,java
Dirk Mahler,java
Dirk Mahler,java
Dirk Mahler,java
Dirk Mahler,java
Dirk Mahler,java
Dirk Mahler,java
Dirk Mahler,java
Dirk Mahler,java
Dirk Mahler,java
Dirk Mahler,java
Dirk Mahler,java
Dirk Mahler,java
Dirk Mahler,java
Dirk Mahler,java
Dirk Mahler,java
Dirk Mahler,java
Dirk Mahler,java
Dirk Mahler,java
Dirk Mahler,java
Dirk Mahler,java
Dirk Mahler,java
Dirk Mahler,java
Dirk Mahler,jpg
Dirk Mahler,jpg
Dirk Mahler,jpg
Dirk Mahler,jpg
Dirk Mahler,jpg
Dirk Mahler,jpg
Dirk Mahler,jpg
Dirk Mahler,jpg
Dirk Mahler,jpg
Dirk Mahler,jpg
Dirk Mahler,jpg
Dirk Mahler,jpg
Dirk Mahler,jpg
Dirk Mahler,jpg
Dirk Mahler,jpg
Dirk Mahler,jpg
Dirk Mahler,jpg
Dirk Mahler,jpg
Dirk Mahler,jpg
Dirk Mahler,jpg
Dirk Mahler,jpg
Dirk Mahler,jpg
Dirk Mahler,jpg
Dirk Mahler,jpg
Dirk Mahler,jpg
Dirk Mahler,jpg
Dirk Mahler,jpg
Dirk Mahler,jpg
Dirk Mahler,jpg
Dirk Mahler,jpg
Dirk Mahler,jpg
Dirk Mahler,jpg
Dirk Mahler,jpg
Dirk Mahler,jpg
Dirk Mahler,jpg
Dirk Mahler,jpg
Dirk Mahler,jpg
Dirk Mahler,jpg
Dirk Mahler,jpg
Dirk Mahler,jpg
Dirk Mahler,jpg
Dirk Mahler,jpg
Dirk Mahler,jpg
Dirk Mahler,jpg
Dirk Mahler,jpg
Dirk Mahler,jpg
Dirk Mahler,jpg
Dirk Mahler,jpg
Dirk Mahler,jpg
Dirk Mahler,jpg
Dirk Mahler,jpg
Dirk Mahler,jpg
Dirk Mahler,jpg
Dirk Mahler,jpg
Dirk Mahler,jpg
Dirk Mahler,jpg
Dirk Mahler,jpg
Dirk Mahler,jpg
Dirk Mahler,jpg
Dirk Mahler,jpg
Dirk Mahler,jpg
Dirk Mahler,jpg
Dirk Mahler,jpg
Dirk Mahler,jpg
Dirk Mahler,jpg
Dirk Mahler,jpg
Dirk Mahler,jpg
Dirk Mahler,jpg
Dirk Mahler,jpg
Dirk Mahler,jpg
Dirk Mahler,jpg
Dirk Mahler,jpg
Dirk Mahler,jpg
Dirk Mahler,jpg
Dirk Mahler,md
Dirk Mahler,png
Dirk Mahler,png
Dirk Mahler,png
Dirk Mahler,png
Dirk Mahler,png
Dirk Mahler,png
Dirk Mahler,png
Dirk Mahler,png
Dirk Mahler,png
Dirk Mahler,properties
Dirk Mahler,properties
Dirk Mahler,properties
Dirk Mahler,properties
Dirk Mahler,properties
Dirk Mahler,properties
Dirk Mahler,properties
Dirk Mahler,properties
Dirk Mahler,puml
Dirk Mahler,raw
Dirk Mahler,raw
Dirk Mahler,raw
Dirk Mahler,raw
Dirk Mahler,raw
Dirk Mahler,raw
Dirk Mahler,raw
Dirk Mahler,sh
Dirk Mahler,svg
Dirk Mahler,travis
Dirk Mahler,txt
Dirk Mahler,xml
Dirk Mahler,xml
Dirk Mahler,xml
Dirk Mahler,xml
Dirk Mahler,xml
Dirk Mahler,xml
Dirk Mahler,xml
Dirk Mahler,xml
Dirk Mahler,xml
Dirk Mahler,yml
Dirk Mahler,yml
DukeCon Jenkins,sh
Falk Sippach,adoc
Falk Sippach,adoc
Falk Sippach,adoc
Falk Sippach,bat
Falk Sippach,cmd
Falk Sippach,csv
Falk Sippach,csv
Falk Sippach,csv
Falk Sippach,csv
Falk Sippach,csv
Falk Sippach,csv
Falk Sippach,csv
Falk Sippach,csv
Falk Sippach,csv
Falk Sippach,csv
Falk Sippach,csv
Falk Sippach,csv
Falk Sippach,ftl
Falk Sippach,gitattributes
Falk Sippach,gitignore
Falk Sippach,gitignore
Falk Sippach,gitignore
Falk Sippach,gitignore
Falk Sippach,gitignore
Falk Sippach,gitignore
Falk Sippach,gitignore
Falk Sippach,gitignore
Falk Sippach,gitignore
Falk Sippach,gitignore
Falk Sippach,gitignore
Falk Sippach,groovy
Falk Sippach,groovy
Falk Sippach,groovy
Falk Sippach,groovy
Falk Sippach,groovy
Falk Sippach,groovy
Falk Sippach,groovy
Falk Sippach,groovy
Falk Sippach,groovy
Falk Sippach,groovy
Falk Sippach,groovy
Falk Sippach,groovy
Falk Sippach,groovy
Falk Sippach,groovy
Falk Sippach,groovy
Falk Sippach,groovy
Falk Sippach,groovy
Falk Sippach,groovy
Falk Sippach,groovy
Falk Sippach,groovy
Falk Sippach,groovy
Falk Sippach,groovy
Falk Sippach,groovy
Falk Sippach,groovy
Falk Sippach,groovy
Falk Sippach,groovy
Falk Sippach,groovy
Falk Sippach,groovy
Falk Sippach,groovy
Falk Sippach,groovy
Falk Sippach,groovy
Falk Sippach,groovy
Falk Sippach,groovy
Falk Sippach,groovy
Falk Sippach,groovy
Falk Sippach,groovy
Falk Sippach,groovy
Falk Sippach,groovy
Falk Sippach,groovy
Falk Sippach,groovy
Falk Sippach,groovy
Falk Sippach,groovy
Falk Sippach,groovy
Falk Sippach,groovy
Falk Sippach,groovy
Falk Sippach,groovy
Falk Sippach,groovy
Falk Sippach,groovy
Falk Sippach,groovy
Falk Sippach,groovy
Falk Sippach,groovy
Falk Sippach,groovy
Falk Sippach,groovy
Falk Sippach,groovy
Falk Sippach,groovy
Falk Sippach,groovy
Falk Sippach,groovy
Falk Sippach,groovy
Falk Sippach,groovy
Falk Sippach,groovy
Falk Sippach,groovy
Falk Sippach,groovy
Falk Sippach,groovy
Falk Sippach,groovy
Falk Sippach,groovy
Falk Sippach,groovy
Falk Sippach,groovy
Falk Sippach,groovy
Falk Sippach,groovy
Falk Sippach,groovy
Falk Sippach,groovy
Falk Sippach,groovy
Falk Sippach,groovy
Falk Sippach,groovy
Falk Sippach,groovy
Falk Sippach,groovy
Falk Sippach,groovy
Falk Sippach,groovy
Falk Sippach,groovy
Falk Sippach,groovy
Falk Sippach,groovy
Falk Sippach,groovy
Falk Sippach,groovy
Falk Sippach,groovy
Falk Sippach,groovy
Falk Sippach,groovy
Falk Sippach,groovy
Falk Sippach,groovy
Falk Sippach,groovy
Falk Sippach,groovy
Falk Sippach,groovy
Falk Sippach,groovy
Falk Sippach,groovy
Falk Sippach,groovy
Falk Sippach,groovy
Falk Sippach,groovy
Falk Sippach,groovy
Falk Sippach,groovy
Falk Sippach,groovy
Falk Sippach,groovy
Falk Sippach,groovy
Falk Sippach,groovy
Falk Sippach,groovy
Falk Sippach,groovy
Falk Sippach,groovy
Falk Sippach,groovy
Falk Sippach,groovy
Falk Sippach,groovy
Falk Sippach,groovy
Falk Sippach,groovy
Falk Sippach,groovy
Falk Sippach,groovy
Falk Sippach,groovy
Falk Sippach,groovy
Falk Sippach,groovy
Falk Sippach,groovy
Falk Sippach,groovy
Falk Sippach,groovy
Falk Sippach,groovy
Falk Sippach,groovy
Falk Sippach,groovy
Falk Sippach,groovy
Falk Sippach,groovy
Falk Sippach,groovy
Falk Sippach,groovy
Falk Sippach,groovy
Falk Sippach,groovy
Falk Sippach,groovy
Falk Sippach,groovy
Falk Sippach,groovy
Falk Sippach,groovy
Falk Sippach,groovy
Falk Sippach,groovy
Falk Sippach,groovy
Falk Sippach,groovy
Falk Sippach,groovy
Falk Sippach,groovy
Falk Sippach,groovy
Falk Sippach,groovy
Falk Sippach,groovy
Falk Sippach,groovy
Falk Sippach,groovy
Falk Sippach,groovy
Falk Sippach,groovy
Falk Sippach,groovy
Falk Sippach,groovy
Falk Sippach,groovy
Falk Sippach,groovy
Falk Sippach,groovy
Falk Sippach,groovy
Falk Sippach,groovy
Falk Sippach,groovy
Falk Sippach,groovy
Falk Sippach,groovy
Falk Sippach,groovy
Falk Sippach,groovy
Falk Sippach,groovy
Falk Sippach,groovy
Falk Sippach,groovy
Falk Sippach,groovy
Falk Sippach,groovy
Falk Sippach,groovy
Falk Sippach,groovy
Falk Sippach,groovy
Falk Sippach,groovy
Falk Sippach,groovy
Falk Sippach,groovy
Falk Sippach,groovy
Falk Sippach,groovy
Falk Sippach,groovy
Falk Sippach,groovy
Falk Sippach,groovy
Falk Sippach,groovy
Falk Sippach,groovy
Falk Sippach,groovy
Falk Sippach,groovy
Falk Sippach,groovy
Falk Sippach,groovy
Falk Sippach,groovy
Falk Sippach,groovy
Falk Sippach,groovy
Falk Sippach,groovy
Falk Sippach,groovy
Falk Sippach,groovy
Falk Sippach,groovy
Falk Sippach,groovy
Falk Sippach,groovy
Falk Sippach,groovy
Falk Sippach,groovy
Falk Sippach,groovy
Falk Sippach,groovy
Falk Sippach,groovy
Falk Sippach,groovy
Falk Sippach,groovy
Falk Sippach,groovy
Falk Sippach,groovy
Falk Sippach,groovy
Falk Sippach,groovy
Falk Sippach,groovy
Falk Sippach,groovy
Falk Sippach,groovy
Falk Sippach,groovy
Falk Sippach,groovy
Falk Sippach,groovy
Falk Sippach,groovy
Falk Sippach,groovy
Falk Sippach,groovy
Falk Sippach,groovy
Falk Sippach,groovy
Falk Sippach,groovy
Falk Sippach,groovy
Falk Sippach,groovy
Falk Sippach,groovy
Falk Sippach,groovy
Falk Sippach,groovy
Falk Sippach,groovy
Falk Sippach,groovy
Falk Sippach,groovy
Falk Sippach,groovy
Falk Sippach,groovy
Falk Sippach,groovy
Falk Sippach,groovy
Falk Sippach,groovy
Falk Sippach,groovy
Falk Sippach,groovy
Falk Sippach,groovy
Falk Sippach,groovy
Falk Sippach,groovy
Falk Sippach,groovy
Falk Sippach,groovy
Falk Sippach,groovy
Falk Sippach,groovy
Falk Sippach,groovy
Falk Sippach,groovy
Falk Sippach,groovy
Falk Sippach,groovy
Falk Sippach,groovy
Falk Sippach,groovy
Falk Sippach,groovy
Falk Sippach,groovy
Falk Sippach,groovy
Falk Sippach,groovy
Falk Sippach,groovy
Falk Sippach,groovy
Falk Sippach,groovy
Falk Sippach,groovy
Falk Sippach,groovy
Falk Sippach,groovy
Falk Sippach,groovy
Falk Sippach,groovy
Falk Sippach,groovy
Falk Sippach,groovy
Falk Sippach,groovy
Falk Sippach,groovy
Falk Sippach,groovy
Falk Sippach,groovy
Falk Sippach,groovy
Falk Sippach,groovy
Falk Sippach,groovy
Falk Sippach,groovy
Falk Sippach,groovy
Falk Sippach,groovy
Falk Sippach,groovy
Falk Sippach,groovy
Falk Sippach,groovy
Falk Sippach,groovy
Falk Sippach,groovy
Falk Sippach,groovy
Falk Sippach,groovy
Falk Sippach,groovy
Falk Sippach,groovy
Falk Sippach,groovy
Falk Sippach,groovy
Falk Sippach,groovy
Falk Sippach,groovy
Falk Sippach,groovy
Falk Sippach,groovy
Falk Sippach,groovy
Falk Sippach,groovy
Falk Sippach,groovy
Falk Sippach,groovy
Falk Sippach,groovy
Falk Sippach,groovy
Falk Sippach,groovy
Falk Sippach,groovy
Falk Sippach,groovy
Falk Sippach,groovy
Falk Sippach,groovy
Falk Sippach,groovy
Falk Sippach,groovy
Falk Sippach,groovy
Falk Sippach,groovy
Falk Sippach,groovy
Falk Sippach,groovy
Falk Sippach,groovy
Falk Sippach,groovy
Falk Sippach,groovy
Falk Sippach,groovy
Falk Sippach,groovy
Falk Sippach,groovy
Falk Sippach,groovy
Falk Sippach,groovy
Falk Sippach,groovy
Falk Sippach,groovy
Falk Sippach,groovy
Falk Sippach,groovy
Falk Sippach,groovy
Falk Sippach,groovy
Falk Sippach,groovy
Falk Sippach,groovy
Falk Sippach,groovy
Falk Sippach,groovy
Falk Sippach,groovy
Falk Sippach,groovy
Falk Sippach,groovy
Falk Sippach,groovy
Falk Sippach,groovy
Falk Sippach,groovy
Falk Sippach,groovy
Falk Sippach,groovy
Falk Sippach,groovy
Falk Sippach,groovy
Falk Sippach,groovy
Falk Sippach,groovy
Falk Sippach,groovy
Falk Sippach,groovy
Falk Sippach,groovy
Falk Sippach,groovy
Falk Sippach,groovy
Falk Sippach,groovy
Falk Sippach,groovy
Falk Sippach,groovy
Falk Sippach,groovy
Falk Sippach,groovy
Falk Sippach,groovy
Falk Sippach,groovy
Falk Sippach,groovy
Falk Sippach,groovy
Falk Sippach,groovy
Falk Sippach,groovy
Falk Sippach,groovy
Falk Sippach,groovy
Falk Sippach,groovy
Falk Sippach,groovy
Falk Sippach,groovy
Falk Sippach,groovy
Falk Sippach,groovy
Falk Sippach,groovy
Falk Sippach,groovy
Falk Sippach,groovy
Falk Sippach,groovy
Falk Sippach,groovy
Falk Sippach,groovy
Falk Sippach,groovy
Falk Sippach,groovy
Falk Sippach,groovy
Falk Sippach,groovy
Falk Sippach,groovy
Falk Sippach,groovy
Falk Sippach,groovy
Falk Sippach,groovy
Falk Sippach,groovy
Falk Sippach,groovy
Falk Sippach,groovy
Falk Sippach,groovy
Falk Sippach,groovy
Falk Sippach,groovy
Falk Sippach,groovy
Falk Sippach,groovy
Falk Sippach,groovy
Falk Sippach,groovy
Falk Sippach,groovy
Falk Sippach,groovy
Falk Sippach,groovy
Falk Sippach,groovy
Falk Sippach,groovy
Falk Sippach,groovy
Falk Sippach,groovy
Falk Sippach,groovy
Falk Sippach,groovy
Falk Sippach,groovy
Falk Sippach,groovy
Falk Sippach,groovy
Falk Sippach,groovy
Falk Sippach,groovy
Falk Sippach,groovy
Falk Sippach,groovy
Falk Sippach,groovy
Falk Sippach,groovy
Falk Sippach,groovy
Falk Sippach,groovy
Falk Sippach,groovy
Falk Sippach,groovy
Falk Sippach,groovy
Falk Sippach,groovy
Falk Sippach,groovy
Falk Sippach,groovy
Falk Sippach,groovy
Falk Sippach,groovy
Falk Sippach,groovy
Falk Sippach,groovy
Falk Sippach,groovy
Falk Sippach,groovy
Falk Sippach,groovy
Falk Sippach,groovy
Falk Sippach,groovy
Falk Sippach,groovy
Falk Sippach,groovy
Falk Sippach,groovy
Falk Sippach,groovy
Falk Sippach,groovy
Falk Sippach,groovy
Falk Sippach,groovy
Falk Sippach,groovy
Falk Sippach,groovy
Falk Sippach,groovy
Falk Sippach,groovy
Falk Sippach,groovy
Falk Sippach,groovy
Falk Sippach,groovy
Falk Sippach,groovy
Falk Sippach,groovy
Falk Sippach,groovy
Falk Sippach,groovy
Falk Sippach,groovy
Falk Sippach,groovy
Falk Sippach,groovy
Falk Sippach,groovy
Falk Sippach,groovy
Falk Sippach,groovy
Falk Sippach,groovy
Falk Sippach,groovy
Falk Sippach,groovy
Falk Sippach,groovy
Falk Sippach,groovy
Falk Sippach,groovy
Falk Sippach,groovy
Falk Sippach,groovy
Falk Sippach,groovy
Falk Sippach,groovy
Falk Sippach,groovy
Falk Sippach,groovy
Falk Sippach,groovy
Falk Sippach,groovy
Falk Sippach,groovy
Falk Sippach,groovy
Falk Sippach,groovy
Falk Sippach,groovy
Falk Sippach,groovy
Falk Sippach,groovy
Falk Sippach,groovy
Falk Sippach,groovy
Falk Sippach,groovy
Falk Sippach,groovy
Falk Sippach,groovy
Falk Sippach,groovy
Falk Sippach,groovy
Falk Sippach,groovy
Falk Sippach,groovy
Falk Sippach,groovy
Falk Sippach,groovy
Falk Sippach,groovy
Falk Sippach,groovy
Falk Sippach,groovy
Falk Sippach,groovy
Falk Sippach,groovy
Falk Sippach,groovy
Falk Sippach,groovy
Falk Sippach,groovy
Falk Sippach,groovy
Falk Sippach,groovy
Falk Sippach,groovy
Falk Sippach,groovy
Falk Sippach,groovy
Falk Sippach,groovy
Falk Sippach,groovy
Falk Sippach,groovy
Falk Sippach,groovy
Falk Sippach,groovy
Falk Sippach,groovy
Falk Sippach,groovy
Falk Sippach,groovy
Falk Sippach,groovy
Falk Sippach,groovy
Falk Sippach,groovy
Falk Sippach,groovy
Falk Sippach,groovy
Falk Sippach,groovy
Falk Sippach,groovy
Falk Sippach,groovy
Falk Sippach,groovy
Falk Sippach,groovy
Falk Sippach,groovy
Falk Sippach,groovy
Falk Sippach,groovy
Falk Sippach,groovy
Falk Sippach,groovy
Falk Sippach,groovy
Falk Sippach,groovy
Falk Sippach,groovy
Falk Sippach,groovy
Falk Sippach,groovy
Falk Sippach,groovy
Falk Sippach,groovy
Falk Sippach,groovy
Falk Sippach,groovy
Falk Sippach,groovy
Falk Sippach,groovy
Falk Sippach,groovy
Falk Sippach,groovy
Falk Sippach,groovy
Falk Sippach,groovy
Falk Sippach,groovy
Falk Sippach,groovy
Falk Sippach,groovy
Falk Sippach,groovy
Falk Sippach,groovy
Falk Sippach,groovy
Falk Sippach,groovy
Falk Sippach,groovy
Falk Sippach,groovy
Falk Sippach,groovy
Falk Sippach,groovy
Falk Sippach,groovy
Falk Sippach,groovy
Falk Sippach,groovy
Falk Sippach,groovy
Falk Sippach,groovy
Falk Sippach,groovy
Falk Sippach,groovy
Falk Sippach,groovy
Falk Sippach,groovy
Falk Sippach,groovy
Falk Sippach,groovy
Falk Sippach,groovy
Falk Sippach,groovy
Falk Sippach,groovy
Falk Sippach,groovy
Falk Sippach,groovy
Falk Sippach,groovy
Falk Sippach,groovy
Falk Sippach,groovy
Falk Sippach,groovy
Falk Sippach,groovy
Falk Sippach,groovy
Falk Sippach,groovy
Falk Sippach,groovy
Falk Sippach,groovy
Falk Sippach,groovy
Falk Sippach,groovy
Falk Sippach,groovy
Falk Sippach,groovy
Falk Sippach,groovy
Falk Sippach,groovy
Falk Sippach,java
Falk Sippach,java
Falk Sippach,java
Falk Sippach,java
Falk Sippach,java
Falk Sippach,java
Falk Sippach,java
Falk Sippach,java
Falk Sippach,java
Falk Sippach,java
Falk Sippach,java
Falk Sippach,java
Falk Sippach,java
Falk Sippach,java
Falk Sippach,java
Falk Sippach,java
Falk Sippach,java
Falk Sippach,java
Falk Sippach,java
Falk Sippach,java
Falk Sippach,java
Falk Sippach,java
Falk Sippach,java
Falk Sippach,java
Falk Sippach,java
Falk Sippach,java
Falk Sippach,java
Falk Sippach,java
Falk Sippach,java
Falk Sippach,java
Falk Sippach,java
Falk Sippach,java
Falk Sippach,java
Falk Sippach,java
Falk Sippach,java
Falk Sippach,java
Falk Sippach,java
Falk Sippach,java
Falk Sippach,java
Falk Sippach,java
Falk Sippach,java
Falk Sippach,java
Falk Sippach,java
Falk Sippach,java
Falk Sippach,java
Falk Sippach,java
Falk Sippach,java
Falk Sippach,java
Falk Sippach,java
Falk Sippach,java
Falk Sippach,java
Falk Sippach,java
Falk Sippach,java
Falk Sippach,java
Falk Sippach,java
Falk Sippach,java
Falk Sippach,java
Falk Sippach,java
Falk Sippach,java
Falk Sippach,java
Falk Sippach,java
Falk Sippach,java
Falk Sippach,java
Falk Sippach,java
Falk Sippach,java
Falk Sippach,java
Falk Sippach,java
Falk Sippach,java
Falk Sippach,java
Falk Sippach,java
Falk Sippach,java
Falk Sippach,java
Falk Sippach,java
Falk Sippach,java
Falk Sippach,java
Falk Sippach,java
Falk Sippach,java
Falk Sippach,java
Falk Sippach,java
Falk Sippach,java
Falk Sippach,java
Falk Sippach,java
Falk Sippach,java
Falk Sippach,java
Falk Sippach,java
Falk Sippach,java
Falk Sippach,java
Falk Sippach,java
Falk Sippach,java
Falk Sippach,java
Falk Sippach,java
Falk Sippach,java
Falk Sippach,java
Falk Sippach,java
Falk Sippach,java
Falk Sippach,java
Falk Sippach,java
Falk Sippach,java
Falk Sippach,java
Falk Sippach,java
Falk Sippach,java
Falk Sippach,java
Falk Sippach,java
Falk Sippach,java
Falk Sippach,java
Falk Sippach,java
Falk Sippach,java
Falk Sippach,java
Falk Sippach,java
Falk Sippach,java
Falk Sippach,java
Falk Sippach,java
Falk Sippach,java
Falk Sippach,java
Falk Sippach,java
Falk Sippach,java
Falk Sippach,java
Falk Sippach,java
Falk Sippach,java
Falk Sippach,java
Falk Sippach,java
Falk Sippach,java
Falk Sippach,java
Falk Sippach,java
Falk Sippach,java
Falk Sippach,java
Falk Sippach,java
Falk Sippach,java
Falk Sippach,java
Falk Sippach,java
Falk Sippach,java
Falk Sippach,java
Falk Sippach,java
Falk Sippach,java
Falk Sippach,java
Falk Sippach,java
Falk Sippach,java
Falk Sippach,java
Falk Sippach,java
Falk Sippach,java
Falk Sippach,java
Falk Sippach,java
Falk Sippach,java
Falk Sippach,java
Falk Sippach,java
Falk Sippach,java
Falk Sippach,java
Falk Sippach,java
Falk Sippach,java
Falk Sippach,java
Falk Sippach,java
Falk Sippach,java
Falk Sippach,java
Falk Sippach,java
Falk Sippach,java
Falk Sippach,java
Falk Sippach,java
Falk Sippach,java
Falk Sippach,java
Falk Sippach,java
Falk Sippach,java
Falk Sippach,java
Falk Sippach,java
Falk Sippach,java
Falk Sippach,java
Falk Sippach,java
Falk Sippach,java
Falk Sippach,java
Falk Sippach,java
Falk Sippach,java
Falk Sippach,java
Falk Sippach,java
Falk Sippach,java
Falk Sippach,java
Falk Sippach,java
Falk Sippach,java
Falk Sippach,java
Falk Sippach,java
Falk Sippach,java
Falk Sippach,java
Falk Sippach,java
Falk Sippach,java
Falk Sippach,java
Falk Sippach,java
Falk Sippach,java
Falk Sippach,java
Falk Sippach,java
Falk Sippach,java
Falk Sippach,java
Falk Sippach,java
Falk Sippach,java
Falk Sippach,java
Falk Sippach,java
Falk Sippach,java
Falk Sippach,java
Falk Sippach,java
Falk Sippach,java
Falk Sippach,java
Falk Sippach,java
Falk Sippach,java
Falk Sippach,java
Falk Sippach,java
Falk Sippach,java
Falk Sippach,java
Falk Sippach,java
Falk Sippach,java
Falk Sippach,java
Falk Sippach,java
Falk Sippach,java
Falk Sippach,java
Falk Sippach,java
Falk Sippach,java
Falk Sippach,java
Falk Sippach,java
Falk Sippach,java
Falk Sippach,java
Falk Sippach,java
Falk Sippach,java
Falk Sippach,java
Falk Sippach,java
Falk Sippach,java
Falk Sippach,java
Falk Sippach,java
Falk Sippach,java
Falk Sippach,java
Falk Sippach,java
Falk Sippach,java
Falk Sippach,java
Falk Sippach,java
Falk Sippach,java
Falk Sippach,java
Falk Sippach,java
Falk Sippach,java
Falk Sippach,java
Falk Sippach,java
Falk Sippach,java
Falk Sippach,java
Falk Sippach,java
Falk Sippach,java
Falk Sippach,java
Falk Sippach,java
Falk Sippach,java
Falk Sippach,java
Falk Sippach,java
Falk Sippach,java
Falk Sippach,java
Falk Sippach,java
Falk Sippach,java
Falk Sippach,java
Falk Sippach,jboss
Falk Sippach,jpg
Falk Sippach,jpg
Falk Sippach,jpg
Falk Sippach,jpg
Falk Sippach,jpg
Falk Sippach,jpg
Falk Sippach,jpg
Falk Sippach,jpg
Falk Sippach,jpg
Falk Sippach,jpg
Falk Sippach,jpg
Falk Sippach,jpg
Falk Sippach,jpg
Falk Sippach,jpg
Falk Sippach,jpg
Falk Sippach,jpg
Falk Sippach,jpg
Falk Sippach,jpg
Falk Sippach,jpg
Falk Sippach,jpg
Falk Sippach,jpg
Falk Sippach,jpg
Falk Sippach,jpg
Falk Sippach,jpg
Falk Sippach,jpg
Falk Sippach,jpg
Falk Sippach,jpg
Falk Sippach,jpg
Falk Sippach,jpg
Falk Sippach,jpg
Falk Sippach,jpg
Falk Sippach,jpg
Falk Sippach,jpg
Falk Sippach,jpg
Falk Sippach,jpg
Falk Sippach,jpg
Falk Sippach,jpg
Falk Sippach,jpg
Falk Sippach,jpg
Falk Sippach,jpg
Falk Sippach,jpg
Falk Sippach,jpg
Falk Sippach,jpg
Falk Sippach,jpg
Falk Sippach,jpg
Falk Sippach,jpg
Falk Sippach,jpg
Falk Sippach,jpg
Falk Sippach,jpg
Falk Sippach,jpg
Falk Sippach,jpg
Falk Sippach,jpg
Falk Sippach,jpg
Falk Sippach,jpg
Falk Sippach,jpg
Falk Sippach,jpg
Falk Sippach,json
Falk Sippach,json
Falk Sippach,json
Falk Sippach,json
Falk Sippach,json
Falk Sippach,json
Falk Sippach,json
Falk Sippach,json
Falk Sippach,json
Falk Sippach,json
Falk Sippach,json
Falk Sippach,md
Falk Sippach,md
Falk Sippach,md
Falk Sippach,md
Falk Sippach,md
Falk Sippach,md
Falk Sippach,md
Falk Sippach,md
Falk Sippach,md
Falk Sippach,properties
Falk Sippach,properties
Falk Sippach,properties
Falk Sippach,properties
Falk Sippach,properties
Falk Sippach,properties
Falk Sippach,properties
Falk Sippach,properties
Falk Sippach,properties
Falk Sippach,properties
Falk Sippach,properties
Falk Sippach,properties
Falk Sippach,properties
Falk Sippach,properties
Falk Sippach,properties
Falk Sippach,properties
Falk Sippach,properties
Falk Sippach,properties
Falk Sippach,properties
Falk Sippach,properties
Falk Sippach,properties
Falk Sippach,properties
Falk Sippach,properties
Falk Sippach,properties
Falk Sippach,properties
Falk Sippach,properties
Falk Sippach,properties
Falk Sippach,properties
Falk Sippach,properties
Falk Sippach,properties
Falk Sippach,properties
Falk Sippach,properties
Falk Sippach,properties
Falk Sippach,properties
Falk Sippach,properties
Falk Sippach,properties
Falk Sippach,properties
Falk Sippach,properties
Falk Sippach,properties
Falk Sippach,properties
Falk Sippach,properties
Falk Sippach,properties
Falk Sippach,properties
Falk Sippach,properties
Falk Sippach,properties
Falk Sippach,properties
Falk Sippach,properties
Falk Sippach,properties
Falk Sippach,properties
Falk Sippach,properties
Falk Sippach,properties
Falk Sippach,properties
Falk Sippach,properties
Falk Sippach,properties
Falk Sippach,properties
Falk Sippach,raml
Falk Sippach,raw
Falk Sippach,raw
Falk Sippach,raw
Falk Sippach,raw
Falk Sippach,raw
Falk Sippach,raw
Falk Sippach,raw
Falk Sippach,raw
Falk Sippach,raw
Falk Sippach,raw
Falk Sippach,raw
Falk Sippach,raw
Falk Sippach,raw
Falk Sippach,raw
Falk Sippach,raw
Falk Sippach,raw
Falk Sippach,raw
Falk Sippach,raw
Falk Sippach,raw
Falk Sippach,raw
Falk Sippach,raw
Falk Sippach,raw
Falk Sippach,raw
Falk Sippach,raw
Falk Sippach,raw
Falk Sippach,raw
Falk Sippach,raw
Falk Sippach,raw
Falk Sippach,raw
Falk Sippach,raw
Falk Sippach,raw
Falk Sippach,raw
Falk Sippach,raw
Falk Sippach,raw
Falk Sippach,raw_community
Falk Sippach,raw_community
Falk Sippach,raw_community
Falk Sippach,sh
Falk Sippach,sql
Falk Sippach,sql
Falk Sippach,sql
Falk Sippach,sql
Falk Sippach,sql
Falk Sippach,sql
Falk Sippach,sql
Falk Sippach,sql
Falk Sippach,travis
Falk Sippach,travis
Falk Sippach,travis
Falk Sippach,txt
Falk Sippach,xml
Falk Sippach,xml
Falk Sippach,xml
Falk Sippach,xml
Falk Sippach,xml
Falk Sippach,xml
Falk Sippach,xml
Falk Sippach,xml
Falk Sippach,xml
Falk Sippach,xml
Falk Sippach,xml
Falk Sippach,xml
Falk Sippach,xml
Falk Sippach,xml
Falk Sippach,xml
Falk Sippach,xml
Falk Sippach,xml
Falk Sippach,xml
Falk Sippach,xml
Falk Sippach,xml
Falk Sippach,xml
Falk Sippach,xml
Falk Sippach,xml
Falk Sippach,xml
Falk Sippach,xml
Falk Sippach,xml
Falk Sippach,xml
Falk Sippach,xml
Falk Sippach,xml
Falk Sippach,xml
Falk Sippach,xml
Falk Sippach,xml
Falk Sippach,xml
Falk Sippach,xml
Falk Sippach,xml
Falk Sippach,xml
Falk Sippach,xml
Falk Sippach,xml
Falk Sippach,xml
Falk Sippach,xml
Falk Sippach,xml
Falk Sippach,xml
Falk Sippach,xml
Falk Sippach,xml
Falk Sippach,xml
Falk Sippach,xml
Falk Sippach,xml
Falk Sippach,xml
Falk Sippach,xml
Falk Sippach,xml
Falk Sippach,xml
Falk Sippach,xml
Falk Sippach,xml
Falk Sippach,xml
Falk Sippach,xml
Falk Sippach,xml
Falk Sippach,xml
Falk Sippach,xml
Falk Sippach,xml
Falk Sippach,xml
Falk Sippach,xml
Falk Sippach,xml
Falk Sippach,xml
Falk Sippach,xml
Falk Sippach,xml
Falk Sippach,xml
Falk Sippach,xml
Falk Sippach,xml
Falk Sippach,xml
Falk Sippach,xml
Falk Sippach,xml
Falk Sippach,xml
Falk Sippach,xml
Falk Sippach,xml
Falk Sippach,yml
Falk Sippach,yml
Falk Sippach,yml
Falk Sippach,yml
Falk Sippach,yml
Falk Sippach,yml
Falk Sippach,yml
Falk Sippach,yml
Falk Sippach,yml
Falk Sippach,yml
Falk Sippach,yml
Falk Sippach,yml
Falk Sippach,yml
Falk Sippach,yml
Falk Sippach,yml
Falk Sippach,yml
Falk Sippach,yml
Falk Sippach,yml
Falk Sippach,yml
Falk Sippach,yml
Falk Sippach,yml
Falk Sippach,yml
Falk Sippach,yml
Gerd Aschemann,adoc
Gerd Aschemann,adoc
Gerd Aschemann,adoc
Gerd Aschemann,adoc
Gerd Aschemann,adoc
Gerd Aschemann,adoc
Gerd Aschemann,adoc
Gerd Aschemann,adoc
Gerd Aschemann,bat
Gerd Aschemann,bat
Gerd Aschemann,cmd
Gerd Aschemann,cmd
Gerd Aschemann,csv
Gerd Aschemann,csv
Gerd Aschemann,csv
Gerd Aschemann,csv
Gerd Aschemann,gitattributes
Gerd Aschemann,gitattributes
Gerd Aschemann,gitignore
Gerd Aschemann,gitignore
Gerd Aschemann,gitignore
Gerd Aschemann,gitignore
Gerd Aschemann,gitignore
Gerd Aschemann,gitignore
Gerd Aschemann,gitignore
Gerd Aschemann,gitignore
Gerd Aschemann,gitignore
Gerd Aschemann,gitignore
Gerd Aschemann,gitignore
Gerd Aschemann,gitignore
Gerd Aschemann,gitignore
Gerd Aschemann,gitignore
Gerd Aschemann,gitignore
Gerd Aschemann,groovy
Gerd Aschemann,groovy
Gerd Aschemann,groovy
Gerd Aschemann,groovy
Gerd Aschemann,groovy
Gerd Aschemann,groovy
Gerd Aschemann,groovy
Gerd Aschemann,groovy
Gerd Aschemann,groovy
Gerd Aschemann,groovy
Gerd Aschemann,groovy
Gerd Aschemann,groovy
Gerd Aschemann,groovy
Gerd Aschemann,groovy
Gerd Aschemann,groovy
Gerd Aschemann,groovy
Gerd Aschemann,groovy
Gerd Aschemann,groovy
Gerd Aschemann,groovy
Gerd Aschemann,groovy
Gerd Aschemann,groovy
Gerd Aschemann,groovy
Gerd Aschemann,groovy
Gerd Aschemann,groovy
Gerd Aschemann,groovy
Gerd Aschemann,groovy
Gerd Aschemann,groovy
Gerd Aschemann,groovy
Gerd Aschemann,groovy
Gerd Aschemann,groovy
Gerd Aschemann,groovy
Gerd Aschemann,groovy
Gerd Aschemann,groovy
Gerd Aschemann,groovy
Gerd Aschemann,groovy
Gerd Aschemann,groovy
Gerd Aschemann,groovy
Gerd Aschemann,groovy
Gerd Aschemann,groovy
Gerd Aschemann,groovy
Gerd Aschemann,groovy
Gerd Aschemann,groovy
Gerd Aschemann,groovy
Gerd Aschemann,groovy
Gerd Aschemann,groovy
Gerd Aschemann,groovy
Gerd Aschemann,groovy
Gerd Aschemann,groovy
Gerd Aschemann,groovy
Gerd Aschemann,groovy
Gerd Aschemann,groovy
Gerd Aschemann,groovy
Gerd Aschemann,groovy
Gerd Aschemann,groovy
Gerd Aschemann,groovy
Gerd Aschemann,groovy
Gerd Aschemann,groovy
Gerd Aschemann,groovy
Gerd Aschemann,groovy
Gerd Aschemann,groovy
Gerd Aschemann,groovy
Gerd Aschemann,groovy
Gerd Aschemann,groovy
Gerd Aschemann,groovy
Gerd Aschemann,groovy
Gerd Aschemann,groovy
Gerd Aschemann,groovy
Gerd Aschemann,groovy
Gerd Aschemann,groovy
Gerd Aschemann,groovy
Gerd Aschemann,groovy
Gerd Aschemann,groovy
Gerd Aschemann,groovy
Gerd Aschemann,groovy
Gerd Aschemann,groovy
Gerd Aschemann,groovy
Gerd Aschemann,groovy
Gerd Aschemann,groovy
Gerd Aschemann,groovy
Gerd Aschemann,groovy
Gerd Aschemann,groovy
Gerd Aschemann,groovy
Gerd Aschemann,groovy
Gerd Aschemann,groovy
Gerd Aschemann,groovy
Gerd Aschemann,groovy
Gerd Aschemann,groovy
Gerd Aschemann,groovy
Gerd Aschemann,groovy
Gerd Aschemann,groovy
Gerd Aschemann,groovy
Gerd Aschemann,groovy
Gerd Aschemann,groovy
Gerd Aschemann,groovy
Gerd Aschemann,groovy
Gerd Aschemann,groovy
Gerd Aschemann,groovy
Gerd Aschemann,groovy
Gerd Aschemann,groovy
Gerd Aschemann,groovy
Gerd Aschemann,groovy
Gerd Aschemann,groovy
Gerd Aschemann,groovy
Gerd Aschemann,groovy
Gerd Aschemann,groovy
Gerd Aschemann,groovy
Gerd Aschemann,groovy
Gerd Aschemann,groovy
Gerd Aschemann,groovy
Gerd Aschemann,groovy
Gerd Aschemann,groovy
Gerd Aschemann,groovy
Gerd Aschemann,groovy
Gerd Aschemann,groovy
Gerd Aschemann,groovy
Gerd Aschemann,groovy
Gerd Aschemann,groovy
Gerd Aschemann,groovy
Gerd Aschemann,groovy
Gerd Aschemann,groovy
Gerd Aschemann,groovy
Gerd Aschemann,groovy
Gerd Aschemann,groovy
Gerd Aschemann,groovy
Gerd Aschemann,groovy
Gerd Aschemann,groovy
Gerd Aschemann,groovy
Gerd Aschemann,groovy
Gerd Aschemann,groovy
Gerd Aschemann,groovy
Gerd Aschemann,groovy
Gerd Aschemann,groovy
Gerd Aschemann,groovy
Gerd Aschemann,groovy
Gerd Aschemann,groovy
Gerd Aschemann,groovy
Gerd Aschemann,groovy
Gerd Aschemann,groovy
Gerd Aschemann,groovy
Gerd Aschemann,groovy
Gerd Aschemann,groovy
Gerd Aschemann,groovy
Gerd Aschemann,groovy
Gerd Aschemann,groovy
Gerd Aschemann,groovy
Gerd Aschemann,groovy
Gerd Aschemann,groovy
Gerd Aschemann,groovy
Gerd Aschemann,groovy
Gerd Aschemann,groovy
Gerd Aschemann,groovy
Gerd Aschemann,groovy
Gerd Aschemann,groovy
Gerd Aschemann,groovy
Gerd Aschemann,groovy
Gerd Aschemann,groovy
Gerd Aschemann,groovy
Gerd Aschemann,groovy
Gerd Aschemann,groovy
Gerd Aschemann,groovy
Gerd Aschemann,groovy
Gerd Aschemann,groovy
Gerd Aschemann,groovy
Gerd Aschemann,groovy
Gerd Aschemann,groovy
Gerd Aschemann,groovy
Gerd Aschemann,groovy
Gerd Aschemann,groovy
Gerd Aschemann,groovy
Gerd Aschemann,groovy
Gerd Aschemann,groovy
Gerd Aschemann,groovy
Gerd Aschemann,html
Gerd Aschemann,html
Gerd Aschemann,html
Gerd Aschemann,html
Gerd Aschemann,html
Gerd Aschemann,java
Gerd Aschemann,java
Gerd Aschemann,java
Gerd Aschemann,java
Gerd Aschemann,java
Gerd Aschemann,java
Gerd Aschemann,java
Gerd Aschemann,java
Gerd Aschemann,java
Gerd Aschemann,java
Gerd Aschemann,java
Gerd Aschemann,java
Gerd Aschemann,java
Gerd Aschemann,java
Gerd Aschemann,java
Gerd Aschemann,java
Gerd Aschemann,java
Gerd Aschemann,java
Gerd Aschemann,java
Gerd Aschemann,java
Gerd Aschemann,java
Gerd Aschemann,java
Gerd Aschemann,java
Gerd Aschemann,java
Gerd Aschemann,java
Gerd Aschemann,java
Gerd Aschemann,java
Gerd Aschemann,java
Gerd Aschemann,java
Gerd Aschemann,java
Gerd Aschemann,java
Gerd Aschemann,java
Gerd Aschemann,java
Gerd Aschemann,java
Gerd Aschemann,java
Gerd Aschemann,java
Gerd Aschemann,java
Gerd Aschemann,java
Gerd Aschemann,java
Gerd Aschemann,java
Gerd Aschemann,java
Gerd Aschemann,java
Gerd Aschemann,java
Gerd Aschemann,java
Gerd Aschemann,java
Gerd Aschemann,java
Gerd Aschemann,java
Gerd Aschemann,java
Gerd Aschemann,java
Gerd Aschemann,java
Gerd Aschemann,java
Gerd Aschemann,java
Gerd Aschemann,java
Gerd Aschemann,java
Gerd Aschemann,java
Gerd Aschemann,java
Gerd Aschemann,java
Gerd Aschemann,java
Gerd Aschemann,java
Gerd Aschemann,java
Gerd Aschemann,java
Gerd Aschemann,java
Gerd Aschemann,java
Gerd Aschemann,java
Gerd Aschemann,java
Gerd Aschemann,java
Gerd Aschemann,java
Gerd Aschemann,java
Gerd Aschemann,java
Gerd Aschemann,java
Gerd Aschemann,java
Gerd Aschemann,java
Gerd Aschemann,java
Gerd Aschemann,java
Gerd Aschemann,java
Gerd Aschemann,java
Gerd Aschemann,java
Gerd Aschemann,java
Gerd Aschemann,java
Gerd Aschemann,java
Gerd Aschemann,java
Gerd Aschemann,java
Gerd Aschemann,java
Gerd Aschemann,java
Gerd Aschemann,java
Gerd Aschemann,java
Gerd Aschemann,java
Gerd Aschemann,java
Gerd Aschemann,java
Gerd Aschemann,java
Gerd Aschemann,java
Gerd Aschemann,java
Gerd Aschemann,java
Gerd Aschemann,java
Gerd Aschemann,java
Gerd Aschemann,jboss
Gerd Aschemann,jboss
Gerd Aschemann,jpg
Gerd Aschemann,jpg
Gerd Aschemann,jpg
Gerd Aschemann,jpg
Gerd Aschemann,jpg
Gerd Aschemann,jpg
Gerd Aschemann,jpg
Gerd Aschemann,jpg
Gerd Aschemann,jpg
Gerd Aschemann,json
Gerd Aschemann,json
Gerd Aschemann,json
Gerd Aschemann,json
Gerd Aschemann,json
Gerd Aschemann,json
Gerd Aschemann,json
Gerd Aschemann,json
Gerd Aschemann,json
Gerd Aschemann,json
Gerd Aschemann,json
Gerd Aschemann,json
Gerd Aschemann,json
Gerd Aschemann,json
Gerd Aschemann,json
Gerd Aschemann,md
Gerd Aschemann,md
Gerd Aschemann,md
Gerd Aschemann,md
Gerd Aschemann,md
Gerd Aschemann,md
Gerd Aschemann,md
Gerd Aschemann,md
Gerd Aschemann,png
Gerd Aschemann,png
Gerd Aschemann,png
Gerd Aschemann,properties
Gerd Aschemann,properties
Gerd Aschemann,properties
Gerd Aschemann,properties
Gerd Aschemann,properties
Gerd Aschemann,properties
Gerd Aschemann,properties
Gerd Aschemann,properties
Gerd Aschemann,properties
Gerd Aschemann,properties
Gerd Aschemann,properties
Gerd Aschemann,properties
Gerd Aschemann,properties
Gerd Aschemann,properties
Gerd Aschemann,properties
Gerd Aschemann,properties
Gerd Aschemann,properties
Gerd Aschemann,properties
Gerd Aschemann,properties
Gerd Aschemann,properties
Gerd Aschemann,properties
Gerd Aschemann,properties
Gerd Aschemann,properties
Gerd Aschemann,properties
Gerd Aschemann,properties
Gerd Aschemann,properties
Gerd Aschemann,properties
Gerd Aschemann,properties
Gerd Aschemann,properties
Gerd Aschemann,properties
Gerd Aschemann,properties
Gerd Aschemann,properties
Gerd Aschemann,properties
Gerd Aschemann,properties
Gerd Aschemann,properties
Gerd Aschemann,properties
Gerd Aschemann,properties
Gerd Aschemann,properties
Gerd Aschemann,properties
Gerd Aschemann,properties
Gerd Aschemann,properties
Gerd Aschemann,properties
Gerd Aschemann,properties
Gerd Aschemann,properties
Gerd Aschemann,properties
Gerd Aschemann,properties
Gerd Aschemann,properties
Gerd Aschemann,properties
Gerd Aschemann,properties
Gerd Aschemann,properties
Gerd Aschemann,properties
Gerd Aschemann,properties
Gerd Aschemann,properties
Gerd Aschemann,properties
Gerd Aschemann,properties
Gerd Aschemann,properties
Gerd Aschemann,properties
Gerd Aschemann,properties
Gerd Aschemann,properties
Gerd Aschemann,properties
Gerd Aschemann,properties
Gerd Aschemann,properties
Gerd Aschemann,properties
Gerd Aschemann,properties
Gerd Aschemann,properties
Gerd Aschemann,properties
Gerd Aschemann,properties
Gerd Aschemann,properties
Gerd Aschemann,properties
Gerd Aschemann,properties
Gerd Aschemann,properties
Gerd Aschemann,properties
Gerd Aschemann,properties
Gerd Aschemann,properties
Gerd Aschemann,properties
Gerd Aschemann,properties
Gerd Aschemann,properties
Gerd Aschemann,properties
Gerd Aschemann,properties
Gerd Aschemann,properties
Gerd Aschemann,properties
Gerd Aschemann,properties
Gerd Aschemann,puml
Gerd Aschemann,puml
Gerd Aschemann,puml
Gerd Aschemann,raml
Gerd Aschemann,raml
Gerd Aschemann,raml
Gerd Aschemann,raml
Gerd Aschemann,raw
Gerd Aschemann,raw
Gerd Aschemann,raw
Gerd Aschemann,raw
Gerd Aschemann,raw
Gerd Aschemann,raw
Gerd Aschemann,raw
Gerd Aschemann,raw
Gerd Aschemann,raw
Gerd Aschemann,raw_community
Gerd Aschemann,sh
Gerd Aschemann,sql
Gerd Aschemann,sql
Gerd Aschemann,sql
Gerd Aschemann,sql
Gerd Aschemann,sql
Gerd Aschemann,sql
Gerd Aschemann,svg
Gerd Aschemann,svg
Gerd Aschemann,travis
Gerd Aschemann,travis
Gerd Aschemann,travis
Gerd Aschemann,travis
Gerd Aschemann,travis
Gerd Aschemann,travis
Gerd Aschemann,txt
Gerd Aschemann,txt
Gerd Aschemann,txt
Gerd Aschemann,txt
Gerd Aschemann,txt
Gerd Aschemann,xml
Gerd Aschemann,xml
Gerd Aschemann,xml
Gerd Aschemann,xml
Gerd Aschemann,xml
Gerd Aschemann,xml
Gerd Aschemann,xml
Gerd Aschemann,xml
Gerd Aschemann,xml
Gerd Aschemann,xml
Gerd Aschemann,xml
Gerd Aschemann,xml
Gerd Aschemann,xml
Gerd Aschemann,xml
Gerd Aschemann,xml
Gerd Aschemann,xml
Gerd Aschemann,xml
Gerd Aschemann,xml
Gerd Aschemann,xml
Gerd Aschemann,xml
Gerd Aschemann,xml
Gerd Aschemann,xml
Gerd Aschemann,xml
Gerd Aschemann,xml
Gerd Aschemann,xml
Gerd Aschemann,xml
Gerd Aschemann,xml
Gerd Aschemann,xml
Gerd Aschemann,xml
Gerd Aschemann,xml
Gerd Aschemann,xml
Gerd Aschemann,xml
Gerd Aschemann,xml
Gerd Aschemann,xml
Gerd Aschemann,xml
Gerd Aschemann,xml
Gerd Aschemann,xml
Gerd Aschemann,xml
Gerd Aschemann,xml
Gerd Aschemann,xml
Gerd Aschemann,xml
Gerd Aschemann,xml
Gerd Aschemann,xml
Gerd Aschemann,xml
Gerd Aschemann,xml
Gerd Aschemann,xml
Gerd Aschemann,xml
Gerd Aschemann,xml
Gerd Aschemann,xml
Gerd Aschemann,xml
Gerd Aschemann,xml
Gerd Aschemann,xml
Gerd Aschemann,xml
Gerd Aschemann,xml
Gerd Aschemann,xml
Gerd Aschemann,xml
Gerd Aschemann,xml
Gerd Aschemann,xml
Gerd Aschemann,xml
Gerd Aschemann,xml
Gerd Aschemann,xml
Gerd Aschemann,xml
Gerd Aschemann,xml
Gerd Aschemann,xml
Gerd Aschemann,xml
Gerd Aschemann,xml
Gerd Aschemann,xml
Gerd Aschemann,xml
Gerd Aschemann,xml
Gerd Aschemann,xml
Gerd Aschemann,xml
Gerd Aschemann,xml
Gerd Aschemann,xml
Gerd Aschemann,xml
Gerd Aschemann,xml
Gerd Aschemann,xml
Gerd Aschemann,xml
Gerd Aschemann,xml
Gerd Aschemann,xml
Gerd Aschemann,xml
Gerd Aschemann,xml
Gerd Aschemann,xml
Gerd Aschemann,xml
Gerd Aschemann,xml
Gerd Aschemann,xml
Gerd Aschemann,xml
Gerd Aschemann,xml
Gerd Aschemann,xml
Gerd Aschemann,xml
Gerd Aschemann,xml
Gerd Aschemann,xml
Gerd Aschemann,xml
Gerd Aschemann,xml
Gerd Aschemann,xml
Gerd Aschemann,xml
Gerd Aschemann,xml
Gerd Aschemann,xml
Gerd Aschemann,xml
Gerd Aschemann,xml
Gerd Aschemann,xml
Gerd Aschemann,xml
Gerd Aschemann,xml
Gerd Aschemann,xml
Gerd Aschemann,xml
Gerd Aschemann,xml
Gerd Aschemann,xml
Gerd Aschemann,xml
Gerd Aschemann,xml
Gerd Aschemann,xml
Gerd Aschemann,xml
Gerd Aschemann,xml
Gerd Aschemann,xml
Gerd Aschemann,xml
Gerd Aschemann,xml
Gerd Aschemann,xml
Gerd Aschemann,xml
Gerd Aschemann,xml
Gerd Aschemann,xml
Gerd Aschemann,xml
Gerd Aschemann,xml
Gerd Aschemann,xml
Gerd Aschemann,xml
Gerd Aschemann,xml
Gerd Aschemann,xml
Gerd Aschemann,xml
Gerd Aschemann,xml
Gerd Aschemann,xml
Gerd Aschemann,xml
Gerd Aschemann,xml
Gerd Aschemann,yml
Gerd Aschemann,yml
Michal Harakal,groovy
Michal Harakal,groovy
Michal Harakal,xml
Niko Köbler,gitignore
Niko Köbler,gitignore
Niko Köbler,groovy
Niko Köbler,groovy
Niko Köbler,groovy
Niko Köbler,groovy
Niko Köbler,groovy
Niko Köbler,groovy
Niko Köbler,groovy
Niko Köbler,groovy
Niko Köbler,java
Niko Köbler,java
Niko Köbler,java
Niko Köbler,java
Niko Köbler,java
Niko Köbler,java
Niko Köbler,java
Niko Köbler,java
Niko Köbler,java
Niko Köbler,java
Niko Köbler,java
Niko Köbler,jpg
Niko Köbler,jpg
Niko Köbler,json
Niko Köbler,json
Niko Köbler,json
Niko Köbler,json
Niko Köbler,json
Niko Köbler,json
Niko Köbler,json
Niko Köbler,json
Niko Köbler,json
Niko Köbler,json
Niko Köbler,json
Niko Köbler,md
Niko Köbler,md
Niko Köbler,md
Niko Köbler,raml
Niko Köbler,raml
Niko Köbler,raml
Niko Köbler,raml
Niko Köbler,travis
Niko Köbler,txt
Niko Köbler,txt
Niko Köbler,xml
Niko Köbler,xml
Niko Köbler,xml
Niko Köbler,xml
Niko Köbler,xml
Niko Köbler,xml
Niko Köbler,xml
Niko Köbler,xml
Niko Köbler,xml
Niko Köbler,xml
Niko Köbler,xml
Niko Köbler,xml
Niko Köbler,xml
Niko Köbler,groovy
Niko Köbler,java
Niko Köbler,java
Niko Köbler,java
Niko Köbler,java
Niko Köbler,java
Niko Köbler,java
Niko Köbler,xml
Niko Köbler,xml
Niko Köbler,xml
Niko Köbler,xml
Niko Köbler,xml
PitTorf,yml
PitTorf,yml
Stephanie Peters,ftl
Stephanie Peters,java
annam002,groovy
annam002,groovy
annam002,groovy
annam002,groovy
annam002,groovy
annam002,groovy
annam002,groovy
annam002,groovy
annam002,groovy
annam002,groovy
annam002,groovy
annam002,groovy
annam002,groovy
annam002,groovy
annam002,groovy
annam002,groovy
annam002,groovy
annam002,groovy
annam002,groovy
annam002,groovy
annam002,java
annam002,java
annam002,java
annam002,md
annam002,properties
annam002,properties
annam002,properties
annam002,travis
annam002,xml
annam002,xml
steffchep,java
steffchep,properties
stephaniep,properties